,name,train_batch_size,predict_len,history_len,train_epochs,lr,criterion,use_gpu,if_scheduler,layers,if_round,if_positive,if_filter_constant,if_normalize,train_loss,epoch0,epoch1,epoch2,epoch3,epoch4,epoch5,epoch6,epoch7,epoch8,epoch9,epoch10,epoch11,epoch12,epoch13,epoch14,epoch15,epoch16,epoch17,epoch18,epoch19,epoch20,epoch21,epoch22,epoch23,epoch24,epoch25,epoch26,epoch27,epoch28,epoch29,epoch30,epoch31,epoch32,epoch33,epoch34,epoch35,epoch36,epoch37,epoch38,epoch39,epoch40,epoch41,epoch42,epoch43,epoch44,epoch45,epoch46,epoch47,epoch48,epoch49,epoch50,epoch51,epoch52,epoch53,epoch54,epoch55,epoch56,epoch57,epoch58,epoch59,epoch60,epoch61,epoch62,epoch63,epoch64,epoch65,epoch66,epoch67,epoch68,epoch69,epoch70,epoch71,epoch72,epoch73,epoch74,epoch75,epoch76,epoch77,epoch78,epoch79,epoch80,epoch81,epoch82,epoch83,epoch84,epoch85,epoch86,epoch87,epoch88,epoch89,epoch90,epoch91,epoch92,epoch93,epoch94,epoch95,epoch96,epoch97,epoch98,epoch99
01/25/2023 12:43,atd,25,4,7,10,9e-05,L1,True,False,"[('agnostic', ((1, 12, 6), 1, 'avg', (1, 1), 'relu')), ('agnostic', ((12, 4, 6), 1, 'avg', (1, 1), 'relu')), ('linear', (28, 4, (1, 2), 1, (1, 4)))]",,,,,"{'epoch0': 207.70421854654947, 'epoch1': 206.0406528049045, 'epoch2': 204.412841796875, 'epoch3': 202.94295247395834, 'epoch4': 201.45324876573352, 'epoch5': 199.91801961263022, 'epoch6': 198.3326449924045, 'epoch7': 196.69449530707465, 'epoch8': 195.00191243489584, 'epoch9': 193.25356716579861}",,,,,,,,,,,,,,,,,,,,,,,,,,,,,,,,,,,,,,,,,,,,,,,,,,,,,,,,,,,,,,,,,,,,,,,,,,,,,,,,,,,,,,,,,,,,,,,,,,,,
01/25/2023 12:46,atd,25,4,7,10,9e-05,L1,True,False,"[('agnostic', ((1, 12, 6), 1, 'avg', (1, 1), 'relu')), ('agnostic', ((12, 4, 6), 1, 'avg', (1, 1), 'relu')), ('linear', (28, 4, (1, 2), 1, (1, 4)))]",,,,,"{'epoch0': 227.9450208875868, 'epoch1': 227.78770785861545, 'epoch2': 227.62227715386285, 'epoch3': 227.44735717773438, 'epoch4': 227.26202901204428, 'epoch5': 227.06558736165366, 'epoch6': 226.85747612847223, 'epoch7': 226.63719346788196, 'epoch8': 226.40431552463107, 'epoch9': 226.15845235188803}",,,,,,,,,,,,,,,,,,,,,,,,,,,,,,,,,,,,,,,,,,,,,,,,,,,,,,,,,,,,,,,,,,,,,,,,,,,,,,,,,,,,,,,,,,,,,,,,,,,,
01/25/2023 12:47,atd,25,4,7,10,9e-05,L1,True,False,"[('agnostic', ((1, 12, 6), 1, 'avg', (1, 1), 'relu')), ('agnostic', ((12, 4, 6), 1, 'avg', (1, 1), 'relu')), ('linear', (28, 4, (1, 2), 1, (1, 4)))]",,,,,"{'epoch0': 227.24847412109375, 'epoch1': 226.82026841905383, 'epoch2': 226.38167487250433, 'epoch3': 225.92962307400174, 'epoch4': 225.46250576443143, 'epoch5': 224.97909037272134, 'epoch6': 224.47838168674045, 'epoch7': 223.95961676703558, 'epoch8': 223.42218187120227, 'epoch9': 222.86558193630643}",,,,,,,,,,,,,,,,,,,,,,,,,,,,,,,,,,,,,,,,,,,,,,,,,,,,,,,,,,,,,,,,,,,,,,,,,,,,,,,,,,,,,,,,,,,,,,,,,,,,
01/25/2023 13:10,atd,25,4,7,100,9e-05,L1,True,False,"[('agnostic', ((1, 12, 6), 1, 'avg', (1, 1), 'relu')), ('agnostic', ((12, 4, 6), 1, 'avg', (1, 1), 'relu')), ('linear', (28, 4, (1, 2), 1, (1, 4)))]",True,True,True,True,"{'epoch0': 0.6580587923526764, 'epoch1': 0.6536895781755447, 'epoch2': 0.649549126625061, 'epoch3': 0.6455609053373337, 'epoch4': 0.6417316123843193, 'epoch5': 0.6380747780203819, 'epoch6': 0.634572722017765, 'epoch7': 0.6312164291739464, 'epoch8': 0.6280036419630051, 'epoch9': 0.6249469146132469, 'epoch10': 0.6220176666975021, 'epoch11': 0.6192119792103767, 'epoch12': 0.616540215909481, 'epoch13': 0.6140033304691315, 'epoch14': 0.6115856915712357, 'epoch15': 0.6092849969863892, 'epoch16': 0.6071029603481293, 'epoch17': 0.6050369963049889, 'epoch18': 0.6030860021710396, 'epoch19': 0.6012505441904068, 'epoch20': 0.5995288044214249, 'epoch21': 0.5979202166199684, 'epoch22': 0.5964149609208107, 'epoch23': 0.5950052440166473, 'epoch24': 0.5936829149723053, 'epoch25': 0.5924423933029175, 'epoch26': 0.5912762880325317, 'epoch27': 0.590177595615387, 'epoch28': 0.5891430452466011, 'epoch29': 0.5881676897406578, 'epoch30': 0.5872459411621094, 'epoch31': 0.5863712728023529, 'epoch32': 0.5855428874492645, 'epoch33': 0.5847558081150055, 'epoch34': 0.5840038657188416, 'epoch35': 0.5832834988832474, 'epoch36': 0.5825920775532722, 'epoch37': 0.5819263011217117, 'epoch38': 0.5812828317284584, 'epoch39': 0.5806581601500511, 'epoch40': 0.5800500214099884, 'epoch41': 0.5794551074504852, 'epoch42': 0.5788751319050789, 'epoch43': 0.5783075913786888, 'epoch44': 0.577749639749527, 'epoch45': 0.5772011429071426, 'epoch46': 0.5766600370407104, 'epoch47': 0.5761274620890617, 'epoch48': 0.5756003335118294, 'epoch49': 0.5750752389431, 'epoch50': 0.5745508596301079, 'epoch51': 0.5740269273519516, 'epoch52': 0.5735085234045982, 'epoch53': 0.5729941874742508, 'epoch54': 0.5724807307124138, 'epoch55': 0.5719666704535484, 'epoch56': 0.5714516341686249, 'epoch57': 0.5709344372153282, 'epoch58': 0.5704163238406181, 'epoch59': 0.5699014887213707, 'epoch60': 0.5693926140666008, 'epoch61': 0.5688921734690666, 'epoch62': 0.5683966055512428, 'epoch63': 0.5679047182202339, 'epoch64': 0.5674163028597832, 'epoch65': 0.5669371411204338, 'epoch66': 0.5664628595113754, 'epoch67': 0.565994031727314, 'epoch68': 0.5655306577682495, 'epoch69': 0.5650705546140671, 'epoch70': 0.5646136254072189, 'epoch71': 0.564162127673626, 'epoch72': 0.5637135803699493, 'epoch73': 0.5632661879062653, 'epoch74': 0.5628181248903275, 'epoch75': 0.5623696073889732, 'epoch76': 0.5619216412305832, 'epoch77': 0.5614749416708946, 'epoch78': 0.5610326007008553, 'epoch79': 0.5605930387973785, 'epoch80': 0.5601537674665451, 'epoch81': 0.5597137957811356, 'epoch82': 0.5592731609940529, 'epoch83': 0.5588317215442657, 'epoch84': 0.5583896785974503, 'epoch85': 0.5579478442668915, 'epoch86': 0.5575068444013596, 'epoch87': 0.5570673421025276, 'epoch88': 0.5566304326057434, 'epoch89': 0.5561957508325577, 'epoch90': 0.5557642728090286, 'epoch91': 0.5553375631570816, 'epoch92': 0.5549161583185196, 'epoch93': 0.5545009896159172, 'epoch94': 0.5540951937437057, 'epoch95': 0.5536992698907852, 'epoch96': 0.5533142387866974, 'epoch97': 0.5529410466551781, 'epoch98': 0.5525790899991989, 'epoch99': 0.5522287115454674}",,,,,,,,,,,,,,,,,,,,,,,,,,,,,,,,,,,,,,,,,,,,,,,,,,,,,,,,,,,,,,,,,,,,,,,,,,,,,,,,,,,,,,,,,,,,,,,,,,,,
01/25/2023 13:11,atd,25,4,7,100,9e-05,L1,True,False,"[('agnostic', ((1, 12, 6), 1, 'avg', (1, 1), 'relu')), ('agnostic', ((12, 4, 6), 1, 'avg', (1, 1), 'relu')), ('linear', (28, 4, (1, 2), 1, (1, 4)))]",True,True,True,True,"{'epoch0': 0.6869441196322441, 'epoch1': 0.6809934973716736, 'epoch2': 0.6750318855047226, 'epoch3': 0.6690011397004128, 'epoch4': 0.6629136353731155, 'epoch5': 0.6568416357040405, 'epoch6': 0.6509690508246422, 'epoch7': 0.645330511033535, 'epoch8': 0.640037290751934, 'epoch9': 0.6351858153939247, 'epoch10': 0.6308232173323631, 'epoch11': 0.6269218847155571, 'epoch12': 0.6234117224812508, 'epoch13': 0.6202028021216393, 'epoch14': 0.6172176375985146, 'epoch15': 0.6143917888402939, 'epoch16': 0.6116779446601868, 'epoch17': 0.6090304106473923, 'epoch18': 0.6064091622829437, 'epoch19': 0.603779748082161, 'epoch20': 0.6010956764221191, 'epoch21': 0.598315954208374, 'epoch22': 0.595403328537941, 'epoch23': 0.5923510640859604, 'epoch24': 0.589176781475544, 'epoch25': 0.5859350040555, 'epoch26': 0.5827924981713295, 'epoch27': 0.5799459367990494, 'epoch28': 0.5775225088000298, 'epoch29': 0.5754194930195808, 'epoch30': 0.5734776630997658, 'epoch31': 0.5716626942157745, 'epoch32': 0.5699734538793564, 'epoch33': 0.5683680921792984, 'epoch34': 0.5668502226471901, 'epoch35': 0.5654176101088524, 'epoch36': 0.5640590339899063, 'epoch37': 0.5627779588103294, 'epoch38': 0.5615744441747665, 'epoch39': 0.5604458451271057, 'epoch40': 0.5593847706913948, 'epoch41': 0.5583870634436607, 'epoch42': 0.5574569180607796, 'epoch43': 0.5565878301858902, 'epoch44': 0.5557752549648285, 'epoch45': 0.5550140291452408, 'epoch46': 0.554299496114254, 'epoch47': 0.5536299347877502, 'epoch48': 0.5530037879943848, 'epoch49': 0.5524200275540352, 'epoch50': 0.5518744885921478, 'epoch51': 0.5513617098331451, 'epoch52': 0.5508779957890511, 'epoch53': 0.550419807434082, 'epoch54': 0.5499870479106903, 'epoch55': 0.5495771244168282, 'epoch56': 0.5491892918944359, 'epoch57': 0.5488218069076538, 'epoch58': 0.5484732985496521, 'epoch59': 0.5481415018439293, 'epoch60': 0.5478257834911346, 'epoch61': 0.5475252196192741, 'epoch62': 0.5472380444407463, 'epoch63': 0.5469629541039467, 'epoch64': 0.5466990396380424, 'epoch65': 0.5464460775256157, 'epoch66': 0.5462030097842216, 'epoch67': 0.5459689721465111, 'epoch68': 0.545743852853775, 'epoch69': 0.5455260425806046, 'epoch70': 0.5453152433037758, 'epoch71': 0.5451115295290947, 'epoch72': 0.5449140444397926, 'epoch73': 0.5447229072451591, 'epoch74': 0.5445371270179749, 'epoch75': 0.5443569496273994, 'epoch76': 0.5441810637712479, 'epoch77': 0.5440100356936455, 'epoch78': 0.5438426993787289, 'epoch79': 0.5436792597174644, 'epoch80': 0.5435188189148903, 'epoch81': 0.5433612912893295, 'epoch82': 0.5432069413363934, 'epoch83': 0.5430550947785378, 'epoch84': 0.5429059490561485, 'epoch85': 0.5427587851881981, 'epoch86': 0.5426140166819096, 'epoch87': 0.5424713045358658, 'epoch88': 0.5423303246498108, 'epoch89': 0.5421910136938095, 'epoch90': 0.5420532152056694, 'epoch91': 0.5419171750545502, 'epoch92': 0.5417836159467697, 'epoch93': 0.5416518710553646, 'epoch94': 0.541521605104208, 'epoch95': 0.5413927100598812, 'epoch96': 0.5412649177014828, 'epoch97': 0.5411381460726261, 'epoch98': 0.5410127565264702, 'epoch99': 0.5408881790935993}",,,,,,,,,,,,,,,,,,,,,,,,,,,,,,,,,,,,,,,,,,,,,,,,,,,,,,,,,,,,,,,,,,,,,,,,,,,,,,,,,,,,,,,,,,,,,,,,,,,,
01/25/2023 13:12,atd,25,4,7,100,9e-05,L1,True,False,"[('agnostic', ((1, 12, 6), 1, 'avg', (1, 1), 'relu')), ('agnostic', ((12, 4, 6), 1, 'avg', (1, 1), 'relu')), ('linear', (28, 4, (1, 2), 1, (1, 4)))]",True,True,True,True,"{'epoch0': 0.69195906072855, 'epoch1': 0.6888542920351028, 'epoch2': 0.6858477145433426, 'epoch3': 0.6829267889261246, 'epoch4': 0.6800892055034637, 'epoch5': 0.6773362010717392, 'epoch6': 0.6746658459305763, 'epoch7': 0.6720723435282707, 'epoch8': 0.6695553734898567, 'epoch9': 0.6671112775802612, 'epoch10': 0.6647368147969246, 'epoch11': 0.6624181047081947, 'epoch12': 0.6601457521319389, 'epoch13': 0.6579103842377663, 'epoch14': 0.6557069271802902, 'epoch15': 0.6535472795367241, 'epoch16': 0.6514493450522423, 'epoch17': 0.6494171768426895, 'epoch18': 0.6474524438381195, 'epoch19': 0.6455545276403427, 'epoch20': 0.6437146291136742, 'epoch21': 0.6419295072555542, 'epoch22': 0.6401924043893814, 'epoch23': 0.6385112777352333, 'epoch24': 0.6368824318051338, 'epoch25': 0.6352934837341309, 'epoch26': 0.6337404176592827, 'epoch27': 0.632222592830658, 'epoch28': 0.6307385414838791, 'epoch29': 0.6292863562703133, 'epoch30': 0.6278659477829933, 'epoch31': 0.6264782845973969, 'epoch32': 0.6251228004693985, 'epoch33': 0.6238005310297012, 'epoch34': 0.6225074455142021, 'epoch35': 0.621240921318531, 'epoch36': 0.6200005263090134, 'epoch37': 0.6187886744737625, 'epoch38': 0.6176056861877441, 'epoch39': 0.6164505481719971, 'epoch40': 0.6153223291039467, 'epoch41': 0.6142159700393677, 'epoch42': 0.6131371557712555, 'epoch43': 0.6120819076895714, 'epoch44': 0.6110440492630005, 'epoch45': 0.6100202575325966, 'epoch46': 0.6090016812086105, 'epoch47': 0.6079746261239052, 'epoch48': 0.606916606426239, 'epoch49': 0.605815939605236, 'epoch50': 0.6046733930706978, 'epoch51': 0.6035076379776001, 'epoch52': 0.6023702174425125, 'epoch53': 0.6012941598892212, 'epoch54': 0.6003042608499527, 'epoch55': 0.5993994325399399, 'epoch56': 0.5985756814479828, 'epoch57': 0.5978077426552773, 'epoch58': 0.5970835238695145, 'epoch59': 0.5963921695947647, 'epoch60': 0.5957281738519669, 'epoch61': 0.5950867757201195, 'epoch62': 0.5944670587778091, 'epoch63': 0.5938661769032478, 'epoch64': 0.5932820290327072, 'epoch65': 0.5927133783698082, 'epoch66': 0.5921589136123657, 'epoch67': 0.5916168615221977, 'epoch68': 0.5910853669047356, 'epoch69': 0.5905641317367554, 'epoch70': 0.5900517702102661, 'epoch71': 0.5895462557673454, 'epoch72': 0.5890464559197426, 'epoch73': 0.5885515138506889, 'epoch74': 0.5880604833364487, 'epoch75': 0.5875718519091606, 'epoch76': 0.5870879888534546, 'epoch77': 0.5866067335009575, 'epoch78': 0.5861252695322037, 'epoch79': 0.5856426805257797, 'epoch80': 0.5851589068770409, 'epoch81': 0.5846705064177513, 'epoch82': 0.5841758847236633, 'epoch83': 0.5836737975478172, 'epoch84': 0.5831616148352623, 'epoch85': 0.5826378837227821, 'epoch86': 0.5821046531200409, 'epoch87': 0.5815621837973595, 'epoch88': 0.581012450158596, 'epoch89': 0.5804514065384865, 'epoch90': 0.5798751339316368, 'epoch91': 0.5792796537280083, 'epoch92': 0.578668437898159, 'epoch93': 0.5780444666743279, 'epoch94': 0.5774109661579132, 'epoch95': 0.5767720639705658, 'epoch96': 0.57612743973732, 'epoch97': 0.5754761844873428, 'epoch98': 0.5748236998915672, 'epoch99': 0.5741744711995125}",,,,,,,,,,,,,,,,,,,,,,,,,,,,,,,,,,,,,,,,,,,,,,,,,,,,,,,,,,,,,,,,,,,,,,,,,,,,,,,,,,,,,,,,,,,,,,,,,,,,
01/25/2023 13:13,atd,25,4,7,100,9e-05,L1,True,False,"[('agnostic', ((1, 12, 6), 1, 'avg', (1, 1), 'relu')), ('agnostic', ((12, 4, 6), 1, 'avg', (1, 1), 'relu')), ('linear', (28, 4, (1, 2), 1, (1, 4)))]",True,True,True,True,"{'epoch0': 0.6459091752767563, 'epoch1': 0.6412509381771088, 'epoch2': 0.6368762329220772, 'epoch3': 0.6327198073267937, 'epoch4': 0.628774844110012, 'epoch5': 0.6250207126140594, 'epoch6': 0.6214402988553047, 'epoch7': 0.6180488616228104, 'epoch8': 0.6148689910769463, 'epoch9': 0.6119143143296242, 'epoch10': 0.6091808825731277, 'epoch11': 0.6066611409187317, 'epoch12': 0.6043346747756004, 'epoch13': 0.6021794900298119, 'epoch14': 0.6001698970794678, 'epoch15': 0.5982915163040161, 'epoch16': 0.5965224206447601, 'epoch17': 0.5948465317487717, 'epoch18': 0.593249224126339, 'epoch19': 0.5917234420776367, 'epoch20': 0.5902614817023277, 'epoch21': 0.5888552367687225, 'epoch22': 0.5875030383467674, 'epoch23': 0.5862010344862938, 'epoch24': 0.5849393457174301, 'epoch25': 0.5837135016918182, 'epoch26': 0.5825212225317955, 'epoch27': 0.5813601091504097, 'epoch28': 0.5802327767014503, 'epoch29': 0.5791356936097145, 'epoch30': 0.5780646577477455, 'epoch31': 0.5770179405808449, 'epoch32': 0.5759961605072021, 'epoch33': 0.5750003755092621, 'epoch34': 0.5740257203578949, 'epoch35': 0.5730718746781349, 'epoch36': 0.5721397921442986, 'epoch37': 0.57123152166605, 'epoch38': 0.5703503042459488, 'epoch39': 0.5694950148463249, 'epoch40': 0.568670965731144, 'epoch41': 0.567873440682888, 'epoch42': 0.5671011283993721, 'epoch43': 0.5663536563515663, 'epoch44': 0.5656320005655289, 'epoch45': 0.5649378597736359, 'epoch46': 0.5642694160342216, 'epoch47': 0.5636252984404564, 'epoch48': 0.5630055069923401, 'epoch49': 0.5624103546142578, 'epoch50': 0.5618370324373245, 'epoch51': 0.5612845867872238, 'epoch52': 0.5607525855302811, 'epoch53': 0.5602408722043037, 'epoch54': 0.5597482994198799, 'epoch55': 0.5592749714851379, 'epoch56': 0.5588207170367241, 'epoch57': 0.5583857893943787, 'epoch58': 0.5579681545495987, 'epoch59': 0.5575662553310394, 'epoch60': 0.5571794137358665, 'epoch61': 0.5568068102002144, 'epoch62': 0.5564483255147934, 'epoch63': 0.5561031103134155, 'epoch64': 0.555769719183445, 'epoch65': 0.5554476231336594, 'epoch66': 0.5551358759403229, 'epoch67': 0.5548342615365982, 'epoch68': 0.5545419678092003, 'epoch69': 0.5542587637901306, 'epoch70': 0.5539861544966698, 'epoch71': 0.5537222698330879, 'epoch72': 0.5534663051366806, 'epoch73': 0.5532182529568672, 'epoch74': 0.5529777780175209, 'epoch75': 0.5527438819408417, 'epoch76': 0.5525160506367683, 'epoch77': 0.552294485270977, 'epoch78': 0.5520786121487617, 'epoch79': 0.5518681704998016, 'epoch80': 0.551663227379322, 'epoch81': 0.551463320851326, 'epoch82': 0.5512679070234299, 'epoch83': 0.5510768815875053, 'epoch84': 0.550890289247036, 'epoch85': 0.55070710927248, 'epoch86': 0.5505271852016449, 'epoch87': 0.550351083278656, 'epoch88': 0.550178274512291, 'epoch89': 0.5500083565711975, 'epoch90': 0.5498411655426025, 'epoch91': 0.5496765747666359, 'epoch92': 0.5495142415165901, 'epoch93': 0.5493542328476906, 'epoch94': 0.5491965487599373, 'epoch95': 0.5490408167243004, 'epoch96': 0.5488870665431023, 'epoch97': 0.5487351566553116, 'epoch98': 0.5485848858952522, 'epoch99': 0.5484358817338943}",,,,,,,,,,,,,,,,,,,,,,,,,,,,,,,,,,,,,,,,,,,,,,,,,,,,,,,,,,,,,,,,,,,,,,,,,,,,,,,,,,,,,,,,,,,,,,,,,,,,
01/25/2023 13:14,atd,25,4,7,100,9e-05,L1,True,False,"[('agnostic', ((1, 12, 6), 1, 'avg', (1, 1), 'relu')), ('agnostic', ((12, 4, 6), 1, 'avg', (1, 1), 'relu')), ('linear', (28, 4, (1, 2), 1, (1, 4)))]",True,True,True,True,"{'epoch0': 0.7236755639314651, 'epoch1': 0.7178904488682747, 'epoch2': 0.7122424468398094, 'epoch3': 0.7067068815231323, 'epoch4': 0.7013395130634308, 'epoch5': 0.6962031051516533, 'epoch6': 0.6913518533110619, 'epoch7': 0.6867541000247002, 'epoch8': 0.6823951974511147, 'epoch9': 0.6782620176672935, 'epoch10': 0.674335852265358, 'epoch11': 0.6706149354577065, 'epoch12': 0.6671089753508568, 'epoch13': 0.6637783646583557, 'epoch14': 0.6605988219380379, 'epoch15': 0.6575296893715858, 'epoch16': 0.6545925959944725, 'epoch17': 0.6517757326364517, 'epoch18': 0.6490681990981102, 'epoch19': 0.646465353667736, 'epoch20': 0.6439585462212563, 'epoch21': 0.6415365859866142, 'epoch22': 0.6392036750912666, 'epoch23': 0.636957935988903, 'epoch24': 0.634798064827919, 'epoch25': 0.6327252462506294, 'epoch26': 0.6307387575507164, 'epoch27': 0.62883510440588, 'epoch28': 0.6270058825612068, 'epoch29': 0.6252449527382851, 'epoch30': 0.6235444322228432, 'epoch31': 0.6218983009457588, 'epoch32': 0.6203010678291321, 'epoch33': 0.6187482476234436, 'epoch34': 0.617235541343689, 'epoch35': 0.6157595962285995, 'epoch36': 0.6143175587058067, 'epoch37': 0.6129088178277016, 'epoch38': 0.6115294247865677, 'epoch39': 0.610173299908638, 'epoch40': 0.6088368222117424, 'epoch41': 0.6075184121727943, 'epoch42': 0.6062151044607162, 'epoch43': 0.604924239218235, 'epoch44': 0.6036451905965805, 'epoch45': 0.6023757606744766, 'epoch46': 0.601117268204689, 'epoch47': 0.5998653993010521, 'epoch48': 0.5986214950680733, 'epoch49': 0.5973910093307495, 'epoch50': 0.5961711183190346, 'epoch51': 0.5949672758579254, 'epoch52': 0.5937891826033592, 'epoch53': 0.5926437899470329, 'epoch54': 0.5915423482656479, 'epoch55': 0.5904869735240936, 'epoch56': 0.5894689634442329, 'epoch57': 0.5884804278612137, 'epoch58': 0.58750881254673, 'epoch59': 0.5865527838468552, 'epoch60': 0.5856124311685562, 'epoch61': 0.5846878215670586, 'epoch62': 0.5837792083621025, 'epoch63': 0.5828829705715179, 'epoch64': 0.5819983258843422, 'epoch65': 0.5811236798763275, 'epoch66': 0.5802586451172829, 'epoch67': 0.5794031023979187, 'epoch68': 0.5785528346896172, 'epoch69': 0.5777065381407738, 'epoch70': 0.5768651217222214, 'epoch71': 0.5760233998298645, 'epoch72': 0.5751802772283554, 'epoch73': 0.5743359923362732, 'epoch74': 0.5734920129179955, 'epoch75': 0.5726413056254387, 'epoch76': 0.5717825070023537, 'epoch77': 0.5709160715341568, 'epoch78': 0.5700394287705421, 'epoch79': 0.5691542401909828, 'epoch80': 0.5682549476623535, 'epoch81': 0.5673442855477333, 'epoch82': 0.5664333775639534, 'epoch83': 0.5655350014567375, 'epoch84': 0.5646512657403946, 'epoch85': 0.5637848526239395, 'epoch86': 0.5629400089383125, 'epoch87': 0.5621169582009315, 'epoch88': 0.5613181293010712, 'epoch89': 0.5605432614684105, 'epoch90': 0.5597934797406197, 'epoch91': 0.5590663179755211, 'epoch92': 0.5583603158593178, 'epoch93': 0.5576754510402679, 'epoch94': 0.5570124611258507, 'epoch95': 0.5563719496130943, 'epoch96': 0.5557508394122124, 'epoch97': 0.5551481917500496, 'epoch98': 0.5545618161559105, 'epoch99': 0.5539907738566399}",,,,,,,,,,,,,,,,,,,,,,,,,,,,,,,,,,,,,,,,,,,,,,,,,,,,,,,,,,,,,,,,,,,,,,,,,,,,,,,,,,,,,,,,,,,,,,,,,,,,
01/25/2023 13:15,atd,25,4,7,100,9e-05,L1,True,False,"[('agnostic', ((1, 12, 6), 1, 'avg', (1, 1), 'relu')), ('agnostic', ((12, 4, 6), 1, 'avg', (1, 1), 'relu')), ('linear', (28, 4, (1, 2), 1, (1, 4)))]",True,True,True,True,"{'epoch0': 0.6402173116803169, 'epoch1': 0.636757031083107, 'epoch2': 0.6333895623683929, 'epoch3': 0.6300632879137993, 'epoch4': 0.6267701685428619, 'epoch5': 0.6234954968094826, 'epoch6': 0.6202166005969048, 'epoch7': 0.6169671639800072, 'epoch8': 0.6138332337141037, 'epoch9': 0.610805056989193, 'epoch10': 0.6078729704022408, 'epoch11': 0.6050463169813156, 'epoch12': 0.6023665964603424, 'epoch13': 0.5998492911458015, 'epoch14': 0.5975102558732033, 'epoch15': 0.5952999517321587, 'epoch16': 0.5932160764932632, 'epoch17': 0.5912685692310333, 'epoch18': 0.5894505903124809, 'epoch19': 0.5877505093812943, 'epoch20': 0.5861585661768913, 'epoch21': 0.5846650823950768, 'epoch22': 0.5832654237747192, 'epoch23': 0.581951878964901, 'epoch24': 0.5807162672281265, 'epoch25': 0.5795523598790169, 'epoch26': 0.5784564092755318, 'epoch27': 0.577421747148037, 'epoch28': 0.5764481872320175, 'epoch29': 0.575527124106884, 'epoch30': 0.5746585205197334, 'epoch31': 0.573835514485836, 'epoch32': 0.5730532556772232, 'epoch33': 0.5723092928528786, 'epoch34': 0.5716058760881424, 'epoch35': 0.5709358155727386, 'epoch36': 0.5702952966094017, 'epoch37': 0.5696808621287346, 'epoch38': 0.569092333316803, 'epoch39': 0.5685286000370979, 'epoch40': 0.5679860860109329, 'epoch41': 0.5674633234739304, 'epoch42': 0.5669590160250664, 'epoch43': 0.566472128033638, 'epoch44': 0.5660009309649467, 'epoch45': 0.565544568002224, 'epoch46': 0.5651022270321846, 'epoch47': 0.5646746531128883, 'epoch48': 0.564261332154274, 'epoch49': 0.563861146569252, 'epoch50': 0.5634738728404045, 'epoch51': 0.5630984976887703, 'epoch52': 0.5627342537045479, 'epoch53': 0.5623806789517403, 'epoch54': 0.5620373338460922, 'epoch55': 0.5617034062743187, 'epoch56': 0.5613782554864883, 'epoch57': 0.5610613450407982, 'epoch58': 0.5607522428035736, 'epoch59': 0.5604505613446236, 'epoch60': 0.5601561442017555, 'epoch61': 0.559868723154068, 'epoch62': 0.5595879033207893, 'epoch63': 0.5593134090304375, 'epoch64': 0.5590446516871452, 'epoch65': 0.5587813630700111, 'epoch66': 0.5585238561034203, 'epoch67': 0.5582718998193741, 'epoch68': 0.5580251067876816, 'epoch69': 0.5577824488282204, 'epoch70': 0.557543583214283, 'epoch71': 0.5573081597685814, 'epoch72': 0.5570762977004051, 'epoch73': 0.5568475276231766, 'epoch74': 0.5566220581531525, 'epoch75': 0.5563997775316238, 'epoch76': 0.556179977953434, 'epoch77': 0.5559632107615471, 'epoch78': 0.5557491406798363, 'epoch79': 0.5555369704961777, 'epoch80': 0.5553265362977982, 'epoch81': 0.5551178604364395, 'epoch82': 0.5549104064702988, 'epoch83': 0.554703563451767, 'epoch84': 0.5544970482587814, 'epoch85': 0.5542909055948257, 'epoch86': 0.5540858283638954, 'epoch87': 0.5538806468248367, 'epoch88': 0.553674727678299, 'epoch89': 0.5534679070115089, 'epoch90': 0.5532594993710518, 'epoch91': 0.5530491545796394, 'epoch92': 0.5528367981314659, 'epoch93': 0.5526227727532387, 'epoch94': 0.5524071380496025, 'epoch95': 0.5521912649273872, 'epoch96': 0.5519725978374481, 'epoch97': 0.5517508164048195, 'epoch98': 0.5515263006091118, 'epoch99': 0.5512988865375519}",,,,,,,,,,,,,,,,,,,,,,,,,,,,,,,,,,,,,,,,,,,,,,,,,,,,,,,,,,,,,,,,,,,,,,,,,,,,,,,,,,,,,,,,,,,,,,,,,,,,
01/25/2023 13:16,atd,25,4,7,100,9e-05,L1,True,False,"[('agnostic', ((1, 12, 6), 1, 'avg', (1, 1), 'relu')), ('agnostic', ((12, 4, 6), 1, 'avg', (1, 1), 'relu')), ('linear', (28, 4, (1, 2), 1, (1, 4)))]",True,True,True,True,"{'epoch0': 0.6373829692602158, 'epoch1': 0.6321308985352516, 'epoch2': 0.627135843038559, 'epoch3': 0.6223809719085693, 'epoch4': 0.6179321855306625, 'epoch5': 0.6138046085834503, 'epoch6': 0.6099808141589165, 'epoch7': 0.6064469292759895, 'epoch8': 0.6031993255019188, 'epoch9': 0.6002168655395508, 'epoch10': 0.5974811986088753, 'epoch11': 0.5949675813317299, 'epoch12': 0.5926657542586327, 'epoch13': 0.5905620157718658, 'epoch14': 0.5886369720101357, 'epoch15': 0.5868729948997498, 'epoch16': 0.5852448493242264, 'epoch17': 0.583734005689621, 'epoch18': 0.5823257714509964, 'epoch19': 0.5810089409351349, 'epoch20': 0.5797783881425858, 'epoch21': 0.5786235481500626, 'epoch22': 0.577537976205349, 'epoch23': 0.5765112191438675, 'epoch24': 0.5755356922745705, 'epoch25': 0.5746061727404594, 'epoch26': 0.5737206116318703, 'epoch27': 0.5728740394115448, 'epoch28': 0.5720617473125458, 'epoch29': 0.5712819397449493, 'epoch30': 0.5705316215753555, 'epoch31': 0.5698089823126793, 'epoch32': 0.5691104903817177, 'epoch33': 0.5684346109628677, 'epoch34': 0.5677813738584518, 'epoch35': 0.5671491473913193, 'epoch36': 0.566537044942379, 'epoch37': 0.5659423992037773, 'epoch38': 0.5653638690710068, 'epoch39': 0.5647997111082077, 'epoch40': 0.5642495453357697, 'epoch41': 0.5637127831578255, 'epoch42': 0.5631885826587677, 'epoch43': 0.5626757219433784, 'epoch44': 0.5621739327907562, 'epoch45': 0.5616823360323906, 'epoch46': 0.5612005591392517, 'epoch47': 0.5607278496026993, 'epoch48': 0.5602639243006706, 'epoch49': 0.5598085969686508, 'epoch50': 0.5593616962432861, 'epoch51': 0.5589241236448288, 'epoch52': 0.558495283126831, 'epoch53': 0.5580753460526466, 'epoch54': 0.5576642230153084, 'epoch55': 0.5572621002793312, 'epoch56': 0.5568682104349136, 'epoch57': 0.5564823970198631, 'epoch58': 0.5561033263802528, 'epoch59': 0.5557314082980156, 'epoch60': 0.5553659722208977, 'epoch61': 0.5550072491168976, 'epoch62': 0.5546552240848541, 'epoch63': 0.5543092340230942, 'epoch64': 0.5539688318967819, 'epoch65': 0.5536333993077278, 'epoch66': 0.553303137421608, 'epoch67': 0.5529773682355881, 'epoch68': 0.5526559874415398, 'epoch69': 0.5523391515016556, 'epoch70': 0.5520272329449654, 'epoch71': 0.5517188534140587, 'epoch72': 0.551413968205452, 'epoch73': 0.5511136054992676, 'epoch74': 0.5508180037140846, 'epoch75': 0.5505265444517136, 'epoch76': 0.5502396896481514, 'epoch77': 0.5499579235911369, 'epoch78': 0.5496811643242836, 'epoch79': 0.5494079664349556, 'epoch80': 0.5491382032632828, 'epoch81': 0.5488715842366219, 'epoch82': 0.5486084893345833, 'epoch83': 0.5483492687344551, 'epoch84': 0.5480934977531433, 'epoch85': 0.5478416904807091, 'epoch86': 0.5475926324725151, 'epoch87': 0.5473469272255898, 'epoch88': 0.5471042543649673, 'epoch89': 0.5468640774488449, 'epoch90': 0.546626590192318, 'epoch91': 0.5463919267058372, 'epoch92': 0.546160914003849, 'epoch93': 0.5459331348538399, 'epoch94': 0.5457088947296143, 'epoch95': 0.5454876869916916, 'epoch96': 0.5452688783407211, 'epoch97': 0.5450522601604462, 'epoch98': 0.5448381081223488, 'epoch99': 0.5446261614561081}",,,,,,,,,,,,,,,,,,,,,,,,,,,,,,,,,,,,,,,,,,,,,,,,,,,,,,,,,,,,,,,,,,,,,,,,,,,,,,,,,,,,,,,,,,,,,,,,,,,,
01/25/2023 13:17,atd,25,4,7,100,9e-05,L1,True,False,"[('agnostic', ((1, 12, 6), 1, 'avg', (1, 1), 'relu')), ('agnostic', ((12, 4, 6), 1, 'avg', (1, 1), 'relu')), ('linear', (28, 4, (1, 2), 1, (1, 4)))]",True,True,True,True,"{'epoch0': 0.6974244266748428, 'epoch1': 0.692067064344883, 'epoch2': 0.6870217099785805, 'epoch3': 0.6822412237524986, 'epoch4': 0.6777127534151077, 'epoch5': 0.6734294295310974, 'epoch6': 0.669386975467205, 'epoch7': 0.6655514389276505, 'epoch8': 0.6618992835283279, 'epoch9': 0.6583972051739693, 'epoch10': 0.6549984216690063, 'epoch11': 0.6516455188393593, 'epoch12': 0.648269347846508, 'epoch13': 0.6447592377662659, 'epoch14': 0.6409251764416695, 'epoch15': 0.6365317031741142, 'epoch16': 0.631451740860939, 'epoch17': 0.625991977751255, 'epoch18': 0.6206613183021545, 'epoch19': 0.6157408654689789, 'epoch20': 0.6112313941121101, 'epoch21': 0.6070206165313721, 'epoch22': 0.6027536168694496, 'epoch23': 0.5981689244508743, 'epoch24': 0.5933965444564819, 'epoch25': 0.5890257731080055, 'epoch26': 0.5851734951138496, 'epoch27': 0.5816754400730133, 'epoch28': 0.5785035118460655, 'epoch29': 0.5757102593779564, 'epoch30': 0.5733169764280319, 'epoch31': 0.5712947696447372, 'epoch32': 0.5695947036147118, 'epoch33': 0.56815205514431, 'epoch34': 0.5669179037213326, 'epoch35': 0.5658526048064232, 'epoch36': 0.5649272575974464, 'epoch37': 0.5641165301203728, 'epoch38': 0.5633999705314636, 'epoch39': 0.5627633184194565, 'epoch40': 0.5621914938092232, 'epoch41': 0.561674453318119, 'epoch42': 0.5612048208713531, 'epoch43': 0.5607756599783897, 'epoch44': 0.5603807494044304, 'epoch45': 0.5600168481469154, 'epoch46': 0.559680387377739, 'epoch47': 0.5593673288822174, 'epoch48': 0.5590750798583031, 'epoch49': 0.5588007718324661, 'epoch50': 0.558543249964714, 'epoch51': 0.5583000034093857, 'epoch52': 0.5580690503120422, 'epoch53': 0.5578491166234016, 'epoch54': 0.5576393827795982, 'epoch55': 0.5574388802051544, 'epoch56': 0.5572465062141418, 'epoch57': 0.5570617690682411, 'epoch58': 0.5568836629390717, 'epoch59': 0.5567117035388947, 'epoch60': 0.5565452873706818, 'epoch61': 0.5563839301466942, 'epoch62': 0.5562272444367409, 'epoch63': 0.5560751482844353, 'epoch64': 0.5559271946549416, 'epoch65': 0.5557830259203911, 'epoch66': 0.5556423887610435, 'epoch67': 0.5555048808455467, 'epoch68': 0.5553706809878349, 'epoch69': 0.5552395060658455, 'epoch70': 0.5551109910011292, 'epoch71': 0.5549848154187202, 'epoch72': 0.5548608303070068, 'epoch73': 0.55473892390728, 'epoch74': 0.5546191930770874, 'epoch75': 0.5545016527175903, 'epoch76': 0.5543859452009201, 'epoch77': 0.5542718768119812, 'epoch78': 0.5541594624519348, 'epoch79': 0.5540485307574272, 'epoch80': 0.553939163684845, 'epoch81': 0.5538314580917358, 'epoch82': 0.55372504144907, 'epoch83': 0.5536197796463966, 'epoch84': 0.5535156950354576, 'epoch85': 0.5534126907587051, 'epoch86': 0.5533106699585915, 'epoch87': 0.5532095059752464, 'epoch88': 0.5531090795993805, 'epoch89': 0.5530093759298325, 'epoch90': 0.5529103130102158, 'epoch91': 0.5528119429945946, 'epoch92': 0.5527142882347107, 'epoch93': 0.552617259323597, 'epoch94': 0.5525208935141563, 'epoch95': 0.5524251535534859, 'epoch96': 0.5523299798369408, 'epoch97': 0.5522352606058121, 'epoch98': 0.5521412417292595, 'epoch99': 0.5520476624369621}",,,,,,,,,,,,,,,,,,,,,,,,,,,,,,,,,,,,,,,,,,,,,,,,,,,,,,,,,,,,,,,,,,,,,,,,,,,,,,,,,,,,,,,,,,,,,,,,,,,,
01/25/2023 13:18,atd,25,4,7,100,9e-05,L1,True,False,"[('agnostic', ((1, 12, 6), 1, 'avg', (1, 1), 'relu')), ('agnostic', ((12, 4, 6), 1, 'avg', (1, 1), 'relu')), ('linear', (28, 4, (1, 2), 1, (1, 4)))]",True,True,True,True,"{'epoch0': 0.6106176599860191, 'epoch1': 0.6082082539796829, 'epoch2': 0.6059378832578659, 'epoch3': 0.6037671789526939, 'epoch4': 0.601690873503685, 'epoch5': 0.5997074842453003, 'epoch6': 0.597825825214386, 'epoch7': 0.5960418954491615, 'epoch8': 0.5943601652979851, 'epoch9': 0.5927909016609192, 'epoch10': 0.5913038328289986, 'epoch11': 0.589882604777813, 'epoch12': 0.5885070115327835, 'epoch13': 0.5871785134077072, 'epoch14': 0.5858961343765259, 'epoch15': 0.5846744403243065, 'epoch16': 0.5834951624274254, 'epoch17': 0.5823533684015274, 'epoch18': 0.581250287592411, 'epoch19': 0.5801954939961433, 'epoch20': 0.5791867598891258, 'epoch21': 0.5782317221164703, 'epoch22': 0.5773275122046471, 'epoch23': 0.5764709860086441, 'epoch24': 0.5756527036428452, 'epoch25': 0.5748611986637115, 'epoch26': 0.5740887969732285, 'epoch27': 0.5733319967985153, 'epoch28': 0.5725875496864319, 'epoch29': 0.5718459635972977, 'epoch30': 0.5711116939783096, 'epoch31': 0.5703962668776512, 'epoch32': 0.5697083324193954, 'epoch33': 0.5690547749400139, 'epoch34': 0.5684532299637794, 'epoch35': 0.567884087562561, 'epoch36': 0.5673315525054932, 'epoch37': 0.5667959228157997, 'epoch38': 0.566276341676712, 'epoch39': 0.5657719671726227, 'epoch40': 0.5652819275856018, 'epoch41': 0.5648058578372002, 'epoch42': 0.5643424689769745, 'epoch43': 0.5638903304934502, 'epoch44': 0.5634488761425018, 'epoch45': 0.563018225133419, 'epoch46': 0.5625974237918854, 'epoch47': 0.5621852725744247, 'epoch48': 0.5617818012833595, 'epoch49': 0.5613863244652748, 'epoch50': 0.5609981045126915, 'epoch51': 0.5606172680854797, 'epoch52': 0.5602439045906067, 'epoch53': 0.5598758161067963, 'epoch54': 0.5595126077532768, 'epoch55': 0.5591534301638603, 'epoch56': 0.5587981641292572, 'epoch57': 0.5584460347890854, 'epoch58': 0.5580966547131538, 'epoch59': 0.5577515140175819, 'epoch60': 0.5574102848768234, 'epoch61': 0.5570715144276619, 'epoch62': 0.5567366927862167, 'epoch63': 0.5564039498567581, 'epoch64': 0.5560731366276741, 'epoch65': 0.5557445511221886, 'epoch66': 0.5554173737764359, 'epoch67': 0.5550916418433189, 'epoch68': 0.5547678843140602, 'epoch69': 0.5544459000229836, 'epoch70': 0.5541258901357651, 'epoch71': 0.5538084730505943, 'epoch72': 0.5534940212965012, 'epoch73': 0.5531813651323318, 'epoch74': 0.552871935069561, 'epoch75': 0.5525679737329483, 'epoch76': 0.5522672832012177, 'epoch77': 0.5519684106111526, 'epoch78': 0.5516714155673981, 'epoch79': 0.5513768270611763, 'epoch80': 0.5510846748948097, 'epoch81': 0.5507946312427521, 'epoch82': 0.5505062192678452, 'epoch83': 0.5502289459109306, 'epoch84': 0.549952782690525, 'epoch85': 0.5496755093336105, 'epoch86': 0.549399733543396, 'epoch87': 0.5491252914071083, 'epoch88': 0.5488519445061684, 'epoch89': 0.5485799163579941, 'epoch90': 0.5483090281486511, 'epoch91': 0.5480393618345261, 'epoch92': 0.5477715656161308, 'epoch93': 0.5475059375166893, 'epoch94': 0.5472418665885925, 'epoch95': 0.546979870647192, 'epoch96': 0.5467188991606236, 'epoch97': 0.5464591197669506, 'epoch98': 0.5462003573775291, 'epoch99': 0.5459423363208771}",,,,,,,,,,,,,,,,,,,,,,,,,,,,,,,,,,,,,,,,,,,,,,,,,,,,,,,,,,,,,,,,,,,,,,,,,,,,,,,,,,,,,,,,,,,,,,,,,,,,
01/25/2023 13:19,atd,25,4,7,100,9e-05,L1,True,False,"[('agnostic', ((1, 12, 6), 1, 'avg', (1, 1), 'relu')), ('agnostic', ((12, 4, 6), 1, 'avg', (1, 1), 'relu')), ('linear', (28, 4, (1, 2), 1, (1, 4)))]",True,True,True,True,"{'epoch0': 0.6760852709412575, 'epoch1': 0.6706644222140312, 'epoch2': 0.6648020371794701, 'epoch3': 0.6588289365172386, 'epoch4': 0.6531291380524635, 'epoch5': 0.6479034274816513, 'epoch6': 0.6431944742798805, 'epoch7': 0.6389739662408829, 'epoch8': 0.6351747512817383, 'epoch9': 0.6317218691110611, 'epoch10': 0.6285610049962997, 'epoch11': 0.6256441101431847, 'epoch12': 0.6229458749294281, 'epoch13': 0.6204368993639946, 'epoch14': 0.618083767592907, 'epoch15': 0.6158678233623505, 'epoch16': 0.613769069314003, 'epoch17': 0.6117752268910408, 'epoch18': 0.6098778992891312, 'epoch19': 0.60806605219841, 'epoch20': 0.6063315570354462, 'epoch21': 0.6046684384346008, 'epoch22': 0.6030723750591278, 'epoch23': 0.6015396788716316, 'epoch24': 0.6000648960471153, 'epoch25': 0.5986445024609566, 'epoch26': 0.5972731560468674, 'epoch27': 0.5959474965929985, 'epoch28': 0.5946659296751022, 'epoch29': 0.5934263467788696, 'epoch30': 0.5922277122735977, 'epoch31': 0.5910709500312805, 'epoch32': 0.5899519994854927, 'epoch33': 0.5888672843575478, 'epoch34': 0.5878143236041069, 'epoch35': 0.5867910236120224, 'epoch36': 0.5857959315180779, 'epoch37': 0.5848278850317001, 'epoch38': 0.5838851556181908, 'epoch39': 0.5829672664403915, 'epoch40': 0.5820731595158577, 'epoch41': 0.5812017694115639, 'epoch42': 0.5803524777293205, 'epoch43': 0.5795247033238411, 'epoch44': 0.5787172690033913, 'epoch45': 0.5779291018843651, 'epoch46': 0.5771592855453491, 'epoch47': 0.5764067843556404, 'epoch48': 0.5756726637482643, 'epoch49': 0.5749549269676208, 'epoch50': 0.5742558687925339, 'epoch51': 0.5735809206962585, 'epoch52': 0.5729208514094353, 'epoch53': 0.5722746402025223, 'epoch54': 0.571642205119133, 'epoch55': 0.5710263475775719, 'epoch56': 0.5704259797930717, 'epoch57': 0.5698387622833252, 'epoch58': 0.569263406097889, 'epoch59': 0.5686995908617973, 'epoch60': 0.5681469738483429, 'epoch61': 0.567608930170536, 'epoch62': 0.5670892000198364, 'epoch63': 0.5665810257196426, 'epoch64': 0.566083125770092, 'epoch65': 0.5655948743224144, 'epoch66': 0.5651167333126068, 'epoch67': 0.5646506771445274, 'epoch68': 0.5641969814896584, 'epoch69': 0.5637524873018265, 'epoch70': 0.5633162632584572, 'epoch71': 0.562888078391552, 'epoch72': 0.5624675452709198, 'epoch73': 0.5620544329285622, 'epoch74': 0.5616485774517059, 'epoch75': 0.5612506121397018, 'epoch76': 0.5608601346611977, 'epoch77': 0.5604772046208382, 'epoch78': 0.5601010546088219, 'epoch79': 0.559731513261795, 'epoch80': 0.5593681335449219, 'epoch81': 0.5590105429291725, 'epoch82': 0.5586585626006126, 'epoch83': 0.5583122968673706, 'epoch84': 0.5579715073108673, 'epoch85': 0.5576360821723938, 'epoch86': 0.5573059618473053, 'epoch87': 0.5569808334112167, 'epoch88': 0.55666134506464, 'epoch89': 0.5563477352261543, 'epoch90': 0.556039072573185, 'epoch91': 0.5557349324226379, 'epoch92': 0.5554361119866371, 'epoch93': 0.5551425665616989, 'epoch94': 0.5548533871769905, 'epoch95': 0.5545693412423134, 'epoch96': 0.5542892143130302, 'epoch97': 0.5540125221014023, 'epoch98': 0.5537397116422653, 'epoch99': 0.5534708946943283}",,,,,,,,,,,,,,,,,,,,,,,,,,,,,,,,,,,,,,,,,,,,,,,,,,,,,,,,,,,,,,,,,,,,,,,,,,,,,,,,,,,,,,,,,,,,,,,,,,,,
01/25/2023 13:20,atd,25,4,7,100,9e-05,L1,True,False,"[('agnostic', ((1, 12, 6), 1, 'avg', (1, 1), 'relu')), ('agnostic', ((12, 4, 6), 1, 'avg', (1, 1), 'relu')), ('linear', (28, 4, (1, 2), 1, (1, 4)))]",True,True,True,True,"{'epoch0': 0.642412506043911, 'epoch1': 0.6386820003390312, 'epoch2': 0.6351865828037262, 'epoch3': 0.6318700984120369, 'epoch4': 0.6287320256233215, 'epoch5': 0.6257541850209236, 'epoch6': 0.6229190230369568, 'epoch7': 0.6202034130692482, 'epoch8': 0.6175926625728607, 'epoch9': 0.6150750815868378, 'epoch10': 0.6126434057950974, 'epoch11': 0.6102846786379814, 'epoch12': 0.6079805195331573, 'epoch13': 0.605732150375843, 'epoch14': 0.60353934019804, 'epoch15': 0.6014397665858269, 'epoch16': 0.5994366854429245, 'epoch17': 0.5975486263632774, 'epoch18': 0.595776341855526, 'epoch19': 0.5941078364849091, 'epoch20': 0.592534102499485, 'epoch21': 0.5910376012325287, 'epoch22': 0.5896120667457581, 'epoch23': 0.5882479324936867, 'epoch24': 0.5869466960430145, 'epoch25': 0.5856913402676582, 'epoch26': 0.5844737142324448, 'epoch27': 0.5832908749580383, 'epoch28': 0.5821388587355614, 'epoch29': 0.5810154229402542, 'epoch30': 0.5799180716276169, 'epoch31': 0.5788474231958389, 'epoch32': 0.5778023898601532, 'epoch33': 0.5767834559082985, 'epoch34': 0.5757918879389763, 'epoch35': 0.5748263746500015, 'epoch36': 0.5738879293203354, 'epoch37': 0.5729760974645615, 'epoch38': 0.5720910727977753, 'epoch39': 0.5712360218167305, 'epoch40': 0.5704070553183556, 'epoch41': 0.5696037337183952, 'epoch42': 0.5688255205750465, 'epoch43': 0.5680733621120453, 'epoch44': 0.5673456639051437, 'epoch45': 0.5666442587971687, 'epoch46': 0.5659695193171501, 'epoch47': 0.5653197020292282, 'epoch48': 0.5646931380033493, 'epoch49': 0.5640884935855865, 'epoch50': 0.5635072663426399, 'epoch51': 0.5629485845565796, 'epoch52': 0.5624092146754265, 'epoch53': 0.5618875622749329, 'epoch54': 0.5613837465643883, 'epoch55': 0.560898095369339, 'epoch56': 0.5604313611984253, 'epoch57': 0.5599821358919144, 'epoch58': 0.5595488846302032, 'epoch59': 0.5591301843523979, 'epoch60': 0.5587254911661148, 'epoch61': 0.5583344548940659, 'epoch62': 0.5579561144113541, 'epoch63': 0.5575897619128227, 'epoch64': 0.5572353303432465, 'epoch65': 0.5568929687142372, 'epoch66': 0.5565627664327621, 'epoch67': 0.5562447160482407, 'epoch68': 0.5559387877583504, 'epoch69': 0.5556428954005241, 'epoch70': 0.5553564503788948, 'epoch71': 0.5550793781876564, 'epoch72': 0.5548123568296432, 'epoch73': 0.5545544028282166, 'epoch74': 0.5543057471513748, 'epoch75': 0.5540661588311195, 'epoch76': 0.5538347661495209, 'epoch77': 0.5536108165979385, 'epoch78': 0.5533936694264412, 'epoch79': 0.553183488547802, 'epoch80': 0.5529798120260239, 'epoch81': 0.5527823269367218, 'epoch82': 0.5525916740298271, 'epoch83': 0.5524073541164398, 'epoch84': 0.5522280633449554, 'epoch85': 0.5520533621311188, 'epoch86': 0.5518826395273209, 'epoch87': 0.5517168045043945, 'epoch88': 0.5515555366873741, 'epoch89': 0.5513987988233566, 'epoch90': 0.5512466207146645, 'epoch91': 0.5510983094573021, 'epoch92': 0.5509534031152725, 'epoch93': 0.5508118644356728, 'epoch94': 0.550673708319664, 'epoch95': 0.5505387410521507, 'epoch96': 0.5504071488976479, 'epoch97': 0.5502779930830002, 'epoch98': 0.5501519665122032, 'epoch99': 0.5500285848975182}",,,,,,,,,,,,,,,,,,,,,,,,,,,,,,,,,,,,,,,,,,,,,,,,,,,,,,,,,,,,,,,,,,,,,,,,,,,,,,,,,,,,,,,,,,,,,,,,,,,,
01/25/2023 13:21,atd,25,4,7,100,9e-05,L1,True,False,"[('agnostic', ((1, 12, 6), 1, 'avg', (1, 1), 'relu')), ('agnostic', ((12, 4, 6), 1, 'avg', (1, 1), 'relu')), ('linear', (28, 4, (1, 2), 1, (1, 4)))]",True,True,True,True,"{'epoch0': 0.6578153148293495, 'epoch1': 0.6493158414959908, 'epoch2': 0.6412796899676323, 'epoch3': 0.633859284222126, 'epoch4': 0.6272156536579132, 'epoch5': 0.6213215589523315, 'epoch6': 0.6160974279046059, 'epoch7': 0.6114270314574242, 'epoch8': 0.6072227284312248, 'epoch9': 0.6034220829606056, 'epoch10': 0.5999736860394478, 'epoch11': 0.5968404561281204, 'epoch12': 0.5939966812729836, 'epoch13': 0.5914122238755226, 'epoch14': 0.5890571624040604, 'epoch15': 0.5868964940309525, 'epoch16': 0.5849012732505798, 'epoch17': 0.5830559656023979, 'epoch18': 0.581347644329071, 'epoch19': 0.5797670632600784, 'epoch20': 0.5782953202724457, 'epoch21': 0.5769212543964386, 'epoch22': 0.575639933347702, 'epoch23': 0.5744447037577629, 'epoch24': 0.5733271092176437, 'epoch25': 0.5722807943820953, 'epoch26': 0.5713020712137222, 'epoch27': 0.5703815594315529, 'epoch28': 0.5695158466696739, 'epoch29': 0.5687007531523705, 'epoch30': 0.5679304748773575, 'epoch31': 0.5672020688652992, 'epoch32': 0.566511943936348, 'epoch33': 0.5658563449978828, 'epoch34': 0.5652348324656487, 'epoch35': 0.5646437779068947, 'epoch36': 0.5640809535980225, 'epoch37': 0.5635435283184052, 'epoch38': 0.5630296543240547, 'epoch39': 0.5625378340482712, 'epoch40': 0.5620670169591904, 'epoch41': 0.5616160556674004, 'epoch42': 0.5611827224493027, 'epoch43': 0.5607654005289078, 'epoch44': 0.5603637024760246, 'epoch45': 0.5599757134914398, 'epoch46': 0.5596007481217384, 'epoch47': 0.5592379495501518, 'epoch48': 0.5588873699307442, 'epoch49': 0.5585479661822319, 'epoch50': 0.5582187473773956, 'epoch51': 0.5578990206122398, 'epoch52': 0.5575882941484451, 'epoch53': 0.557286411523819, 'epoch54': 0.5569929480552673, 'epoch55': 0.5567075312137604, 'epoch56': 0.5564289316534996, 'epoch57': 0.5561570897698402, 'epoch58': 0.5558915659785271, 'epoch59': 0.5556317195296288, 'epoch60': 0.5553773790597916, 'epoch61': 0.5551281198859215, 'epoch62': 0.5548833906650543, 'epoch63': 0.554643340408802, 'epoch64': 0.5544074326753616, 'epoch65': 0.5541755855083466, 'epoch66': 0.5539476498961449, 'epoch67': 0.5537234544754028, 'epoch68': 0.5535029619932175, 'epoch69': 0.5532858148217201, 'epoch70': 0.5530719012022018, 'epoch71': 0.5528611615300179, 'epoch72': 0.5526533201336861, 'epoch73': 0.552448071539402, 'epoch74': 0.5522452220320702, 'epoch75': 0.5520445555448532, 'epoch76': 0.5518458560109138, 'epoch77': 0.5516491457819939, 'epoch78': 0.5514544919133186, 'epoch79': 0.5512614548206329, 'epoch80': 0.5510700643062592, 'epoch81': 0.5508801862597466, 'epoch82': 0.5506916418671608, 'epoch83': 0.5505044534802437, 'epoch84': 0.5503186210989952, 'epoch85': 0.5501341596245766, 'epoch86': 0.5499511286616325, 'epoch87': 0.5497691929340363, 'epoch88': 0.549588181078434, 'epoch89': 0.5494081676006317, 'epoch90': 0.5492292493581772, 'epoch91': 0.5490513369441032, 'epoch92': 0.5488743782043457, 'epoch93': 0.5486978515982628, 'epoch94': 0.5485219061374664, 'epoch95': 0.5483463928103447, 'epoch96': 0.5481714233756065, 'epoch97': 0.5479970276355743, 'epoch98': 0.5478233471512794, 'epoch99': 0.5476501882076263}",,,,,,,,,,,,,,,,,,,,,,,,,,,,,,,,,,,,,,,,,,,,,,,,,,,,,,,,,,,,,,,,,,,,,,,,,,,,,,,,,,,,,,,,,,,,,,,,,,,,
01/25/2023 13:23,atd,25,4,7,100,9e-05,L1,True,False,"[('agnostic', ((1, 12, 6), 1, 'avg', (1, 1), 'relu')), ('agnostic', ((12, 4, 6), 1, 'avg', (1, 1), 'relu')), ('linear', (28, 4, (1, 2), 1, (1, 4)))]",True,True,True,True,"{'epoch0': 0.6262782514095306, 'epoch1': 0.6233113184571266, 'epoch2': 0.6206512525677681, 'epoch3': 0.618206262588501, 'epoch4': 0.6159569621086121, 'epoch5': 0.6138785406947136, 'epoch6': 0.6119382008910179, 'epoch7': 0.610109493136406, 'epoch8': 0.608359083533287, 'epoch9': 0.606665775179863, 'epoch10': 0.6050046682357788, 'epoch11': 0.6033481881022453, 'epoch12': 0.6016470789909363, 'epoch13': 0.5998150557279587, 'epoch14': 0.5977229624986649, 'epoch15': 0.5952425226569176, 'epoch16': 0.5923917964100838, 'epoch17': 0.589394822716713, 'epoch18': 0.5865462198853493, 'epoch19': 0.5840136259794235, 'epoch20': 0.5818070620298386, 'epoch21': 0.5798823162913322, 'epoch22': 0.578201413154602, 'epoch23': 0.5767129883170128, 'epoch24': 0.5753679871559143, 'epoch25': 0.5741332098841667, 'epoch26': 0.5729909241199493, 'epoch27': 0.5719210356473923, 'epoch28': 0.5709135010838509, 'epoch29': 0.5699606314301491, 'epoch30': 0.5690557584166527, 'epoch31': 0.5681940391659737, 'epoch32': 0.5673720836639404, 'epoch33': 0.5665873736143112, 'epoch34': 0.5658393129706383, 'epoch35': 0.5651243925094604, 'epoch36': 0.5644400268793106, 'epoch37': 0.5637842938303947, 'epoch38': 0.5631554201245308, 'epoch39': 0.5625521317124367, 'epoch40': 0.561971440911293, 'epoch41': 0.5614112168550491, 'epoch42': 0.5608702972531319, 'epoch43': 0.5603459477424622, 'epoch44': 0.5598376244306564, 'epoch45': 0.559341661632061, 'epoch46': 0.5588564798235893, 'epoch47': 0.558381162583828, 'epoch48': 0.5579139813780785, 'epoch49': 0.5574551150202751, 'epoch50': 0.5570024400949478, 'epoch51': 0.5565573200583458, 'epoch52': 0.5561233684420586, 'epoch53': 0.5557074844837189, 'epoch54': 0.5553127601742744, 'epoch55': 0.5549496561288834, 'epoch56': 0.5546274930238724, 'epoch57': 0.5543370768427849, 'epoch58': 0.5540656968951225, 'epoch59': 0.5538070872426033, 'epoch60': 0.5535587072372437, 'epoch61': 0.5533198118209839, 'epoch62': 0.5530904233455658, 'epoch63': 0.5528706535696983, 'epoch64': 0.5526600107550621, 'epoch65': 0.5524577647447586, 'epoch66': 0.5522631332278252, 'epoch67': 0.5520756840705872, 'epoch68': 0.5518950447440147, 'epoch69': 0.551720917224884, 'epoch70': 0.5515526011586189, 'epoch71': 0.5513896048069, 'epoch72': 0.5512315928936005, 'epoch73': 0.5510783344507217, 'epoch74': 0.5509295612573624, 'epoch75': 0.5507851392030716, 'epoch76': 0.5506445169448853, 'epoch77': 0.5505074635148048, 'epoch78': 0.5503743290901184, 'epoch79': 0.5502446368336678, 'epoch80': 0.5501178801059723, 'epoch81': 0.5499934628605843, 'epoch82': 0.5498708561062813, 'epoch83': 0.5497505515813828, 'epoch84': 0.5496329963207245, 'epoch85': 0.5495172142982483, 'epoch86': 0.5494024455547333, 'epoch87': 0.5492884367704391, 'epoch88': 0.5491814985871315, 'epoch89': 0.5490781366825104, 'epoch90': 0.5489759892225266, 'epoch91': 0.5488754659891129, 'epoch92': 0.5487779602408409, 'epoch93': 0.5486831218004227, 'epoch94': 0.5485899075865746, 'epoch95': 0.5484980568289757, 'epoch96': 0.5484073460102081, 'epoch97': 0.5483177751302719, 'epoch98': 0.5482292845845222, 'epoch99': 0.5481417924165726}",,,,,,,,,,,,,,,,,,,,,,,,,,,,,,,,,,,,,,,,,,,,,,,,,,,,,,,,,,,,,,,,,,,,,,,,,,,,,,,,,,,,,,,,,,,,,,,,,,,,
01/25/2023 13:24,atd,25,4,7,100,9e-05,L1,True,False,"[('agnostic', ((1, 12, 6), 1, 'avg', (1, 1), 'relu')), ('agnostic', ((12, 4, 6), 1, 'avg', (1, 1), 'relu')), ('linear', (28, 4, (1, 2), 1, (1, 4)))]",True,True,True,True,"{'epoch0': 0.6766818761825562, 'epoch1': 0.6722388193011284, 'epoch2': 0.6680604591965675, 'epoch3': 0.6641248315572739, 'epoch4': 0.660428874194622, 'epoch5': 0.6569631770253181, 'epoch6': 0.6537177488207817, 'epoch7': 0.6506742835044861, 'epoch8': 0.6478170976042747, 'epoch9': 0.6451313123106956, 'epoch10': 0.642600953578949, 'epoch11': 0.6402133256196976, 'epoch12': 0.637955941259861, 'epoch13': 0.6358145400881767, 'epoch14': 0.6337845847010612, 'epoch15': 0.6318579837679863, 'epoch16': 0.6300286501646042, 'epoch17': 0.6282868087291718, 'epoch18': 0.6266203671693802, 'epoch19': 0.6250213012099266, 'epoch20': 0.6234916597604752, 'epoch21': 0.6220289617776871, 'epoch22': 0.6206202954053879, 'epoch23': 0.6192609071731567, 'epoch24': 0.6179491057991982, 'epoch25': 0.6166840344667435, 'epoch26': 0.6154603138566017, 'epoch27': 0.6142737939953804, 'epoch28': 0.6131230890750885, 'epoch29': 0.6120062097907066, 'epoch30': 0.6109206974506378, 'epoch31': 0.6098652556538582, 'epoch32': 0.6088381037116051, 'epoch33': 0.6078371629118919, 'epoch34': 0.6068611294031143, 'epoch35': 0.6059091985225677, 'epoch36': 0.6049797087907791, 'epoch37': 0.6040710806846619, 'epoch38': 0.6031827107071877, 'epoch39': 0.6023137718439102, 'epoch40': 0.601464219391346, 'epoch41': 0.6006325408816338, 'epoch42': 0.5998178645968437, 'epoch43': 0.5990193858742714, 'epoch44': 0.5982362478971481, 'epoch45': 0.597468227148056, 'epoch46': 0.5967146903276443, 'epoch47': 0.5959748551249504, 'epoch48': 0.5952477976679802, 'epoch49': 0.5945336669683456, 'epoch50': 0.5938323214650154, 'epoch51': 0.5931434333324432, 'epoch52': 0.5924655273556709, 'epoch53': 0.5917988792061806, 'epoch54': 0.5911435186862946, 'epoch55': 0.590499997138977, 'epoch56': 0.58986796438694, 'epoch57': 0.58924700319767, 'epoch58': 0.5886382758617401, 'epoch59': 0.5880406945943832, 'epoch60': 0.5874530375003815, 'epoch61': 0.5868751630187035, 'epoch62': 0.5863081961870193, 'epoch63': 0.5857508257031441, 'epoch64': 0.5852034464478493, 'epoch65': 0.5846642553806305, 'epoch66': 0.5841322466731071, 'epoch67': 0.5836074203252792, 'epoch68': 0.5830914750695229, 'epoch69': 0.5825884267687798, 'epoch70': 0.5820968672633171, 'epoch71': 0.5816140919923782, 'epoch72': 0.5811397805809975, 'epoch73': 0.5806734040379524, 'epoch74': 0.5802144408226013, 'epoch75': 0.57976283878088, 'epoch76': 0.5793222561478615, 'epoch77': 0.5788901820778847, 'epoch78': 0.5784646421670914, 'epoch79': 0.5780450850725174, 'epoch80': 0.5776325389742851, 'epoch81': 0.5772258788347244, 'epoch82': 0.5768249109387398, 'epoch83': 0.5764287859201431, 'epoch84': 0.5760376155376434, 'epoch85': 0.57565126568079, 'epoch86': 0.5752696320414543, 'epoch87': 0.5748939886689186, 'epoch88': 0.5745240747928619, 'epoch89': 0.5741592571139336, 'epoch90': 0.5737995430827141, 'epoch91': 0.5734447911381721, 'epoch92': 0.5730963870882988, 'epoch93': 0.5727489143610001, 'epoch94': 0.5724054425954819, 'epoch95': 0.5720692798495293, 'epoch96': 0.5717341601848602, 'epoch97': 0.5714044198393822, 'epoch98': 0.5710773691534996, 'epoch99': 0.5707526504993439}",,,,,,,,,,,,,,,,,,,,,,,,,,,,,,,,,,,,,,,,,,,,,,,,,,,,,,,,,,,,,,,,,,,,,,,,,,,,,,,,,,,,,,,,,,,,,,,,,,,,
01/25/2023 13:25,atd,25,4,7,100,9e-05,L1,True,False,"[('agnostic', ((1, 12, 6), 1, 'avg', (1, 1), 'relu')), ('agnostic', ((12, 4, 6), 1, 'avg', (1, 1), 'relu')), ('linear', (28, 4, (1, 2), 1, (1, 4)))]",True,True,True,True,"{'epoch0': 0.6469001024961472, 'epoch1': 0.6437478214502335, 'epoch2': 0.6406926661729813, 'epoch3': 0.6376882344484329, 'epoch4': 0.6347293555736542, 'epoch5': 0.6318154707551003, 'epoch6': 0.6289486438035965, 'epoch7': 0.6261201128363609, 'epoch8': 0.62333994358778, 'epoch9': 0.6205961629748344, 'epoch10': 0.6178810819983482, 'epoch11': 0.6151882633566856, 'epoch12': 0.6124887987971306, 'epoch13': 0.6097549349069595, 'epoch14': 0.6069505661725998, 'epoch15': 0.6040325239300728, 'epoch16': 0.6009560078382492, 'epoch17': 0.5977047681808472, 'epoch18': 0.5943189710378647, 'epoch19': 0.5909572020173073, 'epoch20': 0.5876388251781464, 'epoch21': 0.584436871111393, 'epoch22': 0.5814199075102806, 'epoch23': 0.5786547362804413, 'epoch24': 0.5761647149920464, 'epoch25': 0.5739537999033928, 'epoch26': 0.5720205083489418, 'epoch27': 0.570329837501049, 'epoch28': 0.5688370242714882, 'epoch29': 0.5675086230039597, 'epoch30': 0.5663164407014847, 'epoch31': 0.5652389600872993, 'epoch32': 0.5642571076750755, 'epoch33': 0.5633491054177284, 'epoch34': 0.562502957880497, 'epoch35': 0.5617119893431664, 'epoch36': 0.560968890786171, 'epoch37': 0.5602679774165154, 'epoch38': 0.559604786336422, 'epoch39': 0.5589744374155998, 'epoch40': 0.5583737418055534, 'epoch41': 0.557800330221653, 'epoch42': 0.5572530403733253, 'epoch43': 0.5567315295338631, 'epoch44': 0.5562340244650841, 'epoch45': 0.5557592809200287, 'epoch46': 0.5553050935268402, 'epoch47': 0.5548704192042351, 'epoch48': 0.5544536262750626, 'epoch49': 0.5540527030825615, 'epoch50': 0.5536661297082901, 'epoch51': 0.5532932877540588, 'epoch52': 0.5529326945543289, 'epoch53': 0.5525833442807198, 'epoch54': 0.5522447004914284, 'epoch55': 0.5519171804189682, 'epoch56': 0.551600307226181, 'epoch57': 0.5512944832444191, 'epoch58': 0.5509971901774406, 'epoch59': 0.5507081300020218, 'epoch60': 0.550427258014679, 'epoch61': 0.5501541718840599, 'epoch62': 0.549889050424099, 'epoch63': 0.5496310070157051, 'epoch64': 0.5493787601590157, 'epoch65': 0.5491322502493858, 'epoch66': 0.5488906353712082, 'epoch67': 0.5486536771059036, 'epoch68': 0.5484219714999199, 'epoch69': 0.548195131123066, 'epoch70': 0.5479735061526299, 'epoch71': 0.5477574095129967, 'epoch72': 0.5475466623902321, 'epoch73': 0.5473406836390495, 'epoch74': 0.5471394807100296, 'epoch75': 0.5469442829489708, 'epoch76': 0.5467539951205254, 'epoch77': 0.5465683490037918, 'epoch78': 0.5463861972093582, 'epoch79': 0.5462075099349022, 'epoch80': 0.5460322871804237, 'epoch81': 0.545859657227993, 'epoch82': 0.5456892549991608, 'epoch83': 0.5455212444067001, 'epoch84': 0.5453560575842857, 'epoch85': 0.5451930984854698, 'epoch86': 0.5450319349765778, 'epoch87': 0.5448726937174797, 'epoch88': 0.5447152927517891, 'epoch89': 0.5445595979690552, 'epoch90': 0.5444056391716003, 'epoch91': 0.5442534014582634, 'epoch92': 0.5441026464104652, 'epoch93': 0.5439533740282059, 'epoch94': 0.5438055619597435, 'epoch95': 0.5436593294143677, 'epoch96': 0.5435149222612381, 'epoch97': 0.5433720126748085, 'epoch98': 0.5432305708527565, 'epoch99': 0.5430910512804985}",,,,,,,,,,,,,,,,,,,,,,,,,,,,,,,,,,,,,,,,,,,,,,,,,,,,,,,,,,,,,,,,,,,,,,,,,,,,,,,,,,,,,,,,,,,,,,,,,,,,
01/25/2023 13:26,atd,25,4,7,100,9e-05,L1,True,False,"[('agnostic', ((1, 12, 6), 1, 'avg', (1, 1), 'relu')), ('agnostic', ((12, 4, 6), 1, 'avg', (1, 1), 'relu')), ('linear', (28, 4, (1, 2), 1, (1, 4)))]",True,True,True,True,"{'epoch0': 0.607420414686203, 'epoch1': 0.6046186164021492, 'epoch2': 0.601925328373909, 'epoch3': 0.5992948189377785, 'epoch4': 0.59674222022295, 'epoch5': 0.5942958444356918, 'epoch6': 0.5919625908136368, 'epoch7': 0.5897287428379059, 'epoch8': 0.587587982416153, 'epoch9': 0.5855491608381271, 'epoch10': 0.5835969597101212, 'epoch11': 0.5817210674285889, 'epoch12': 0.5799149572849274, 'epoch13': 0.5781795606017113, 'epoch14': 0.5765272974967957, 'epoch15': 0.5749692022800446, 'epoch16': 0.5735099241137505, 'epoch17': 0.5721406117081642, 'epoch18': 0.5708639249205589, 'epoch19': 0.5696751996874809, 'epoch20': 0.5685672834515572, 'epoch21': 0.5675363391637802, 'epoch22': 0.5665752664208412, 'epoch23': 0.5656774863600731, 'epoch24': 0.5648379772901535, 'epoch25': 0.5640517696738243, 'epoch26': 0.5633161216974258, 'epoch27': 0.5626266524195671, 'epoch28': 0.5619778111577034, 'epoch29': 0.5613648444414139, 'epoch30': 0.5607829466462135, 'epoch31': 0.5602313280105591, 'epoch32': 0.5597055330872536, 'epoch33': 0.5592032447457314, 'epoch34': 0.558722972869873, 'epoch35': 0.5582622811198235, 'epoch36': 0.5578193515539169, 'epoch37': 0.557393804192543, 'epoch38': 0.5569828897714615, 'epoch39': 0.5565863102674484, 'epoch40': 0.5562040582299232, 'epoch41': 0.5558351576328278, 'epoch42': 0.5554784163832664, 'epoch43': 0.5551324710249901, 'epoch44': 0.5547959581017494, 'epoch45': 0.5544692650437355, 'epoch46': 0.5541526898741722, 'epoch47': 0.5538446828722954, 'epoch48': 0.5535446852445602, 'epoch49': 0.5532542020082474, 'epoch50': 0.5529721528291702, 'epoch51': 0.5526973903179169, 'epoch52': 0.5524297133088112, 'epoch53': 0.5521686598658562, 'epoch54': 0.5519135370850563, 'epoch55': 0.5516640171408653, 'epoch56': 0.5514201074838638, 'epoch57': 0.5511815547943115, 'epoch58': 0.5509487763047218, 'epoch59': 0.5507214367389679, 'epoch60': 0.5504993870854378, 'epoch61': 0.5502818301320076, 'epoch62': 0.5500689446926117, 'epoch63': 0.5498602911829948, 'epoch64': 0.5496555417776108, 'epoch65': 0.5494545549154282, 'epoch66': 0.5492570921778679, 'epoch67': 0.5490635856986046, 'epoch68': 0.5488739758729935, 'epoch69': 0.5486878678202629, 'epoch70': 0.5485052391886711, 'epoch71': 0.5483261570334435, 'epoch72': 0.5481507778167725, 'epoch73': 0.5479788333177567, 'epoch74': 0.5478099659085274, 'epoch75': 0.5476442724466324, 'epoch76': 0.547481581568718, 'epoch77': 0.547321692109108, 'epoch78': 0.5471646413207054, 'epoch79': 0.5470103174448013, 'epoch80': 0.5468586012721062, 'epoch81': 0.5467094928026199, 'epoch82': 0.5465629696846008, 'epoch83': 0.5464188754558563, 'epoch84': 0.5462770313024521, 'epoch85': 0.546137623488903, 'epoch86': 0.5460004061460495, 'epoch87': 0.5458654686808586, 'epoch88': 0.5457332208752632, 'epoch89': 0.5456034541130066, 'epoch90': 0.5454756692051888, 'epoch91': 0.5453498288989067, 'epoch92': 0.5452258586883545, 'epoch93': 0.5451038703322411, 'epoch94': 0.5449836179614067, 'epoch95': 0.5448650196194649, 'epoch96': 0.5447482466697693, 'epoch97': 0.5446331277489662, 'epoch98': 0.5445194840431213, 'epoch99': 0.5444071590900421}",,,,,,,,,,,,,,,,,,,,,,,,,,,,,,,,,,,,,,,,,,,,,,,,,,,,,,,,,,,,,,,,,,,,,,,,,,,,,,,,,,,,,,,,,,,,,,,,,,,,
01/25/2023 13:27,atd,25,4,7,100,9e-05,L1,True,False,"[('agnostic', ((1, 12, 6), 1, 'avg', (1, 1), 'relu')), ('agnostic', ((12, 4, 6), 1, 'avg', (1, 1), 'relu')), ('linear', (28, 4, (1, 2), 1, (1, 4)))]",True,True,True,True,"{'epoch0': 0.6968867555260658, 'epoch1': 0.6921040266752243, 'epoch2': 0.6875020787119865, 'epoch3': 0.6829787343740463, 'epoch4': 0.6785397976636887, 'epoch5': 0.6742405295372009, 'epoch6': 0.6700953915715218, 'epoch7': 0.6661040186882019, 'epoch8': 0.6622028946876526, 'epoch9': 0.6583023220300674, 'epoch10': 0.6542981266975403, 'epoch11': 0.6501234322786331, 'epoch12': 0.6457469165325165, 'epoch13': 0.6411347612738609, 'epoch14': 0.636217437684536, 'epoch15': 0.6310067251324654, 'epoch16': 0.6256570965051651, 'epoch17': 0.6204946041107178, 'epoch18': 0.6157833337783813, 'epoch19': 0.6116599291563034, 'epoch20': 0.6080490127205849, 'epoch21': 0.6048125401139259, 'epoch22': 0.6018677651882172, 'epoch23': 0.5991684123873711, 'epoch24': 0.596668653190136, 'epoch25': 0.5943345129489899, 'epoch26': 0.5921434313058853, 'epoch27': 0.590081974864006, 'epoch28': 0.5881337225437164, 'epoch29': 0.5862998217344284, 'epoch30': 0.5845726802945137, 'epoch31': 0.5829393193125725, 'epoch32': 0.5813943520188332, 'epoch33': 0.5799305737018585, 'epoch34': 0.5785459205508232, 'epoch35': 0.5772408843040466, 'epoch36': 0.5760089680552483, 'epoch37': 0.5748450756072998, 'epoch38': 0.573739267885685, 'epoch39': 0.5726868808269501, 'epoch40': 0.5716861635446548, 'epoch41': 0.5707334876060486, 'epoch42': 0.5698296576738358, 'epoch43': 0.5689741596579552, 'epoch44': 0.5681643635034561, 'epoch45': 0.5673978701233864, 'epoch46': 0.5666749477386475, 'epoch47': 0.5659933313727379, 'epoch48': 0.5653477534651756, 'epoch49': 0.5647364258766174, 'epoch50': 0.5641554743051529, 'epoch51': 0.5636023432016373, 'epoch52': 0.5630754679441452, 'epoch53': 0.5625751689076424, 'epoch54': 0.5620993301272392, 'epoch55': 0.5616465136408806, 'epoch56': 0.5612154379487038, 'epoch57': 0.560804508626461, 'epoch58': 0.5604121387004852, 'epoch59': 0.5600380748510361, 'epoch60': 0.5596808418631554, 'epoch61': 0.5593398660421371, 'epoch62': 0.5590142160654068, 'epoch63': 0.5587022081017494, 'epoch64': 0.558403305709362, 'epoch65': 0.5581170469522476, 'epoch66': 0.5578420236706734, 'epoch67': 0.5575778260827065, 'epoch68': 0.5573240518569946, 'epoch69': 0.5570801272988319, 'epoch70': 0.556845024228096, 'epoch71': 0.556618221104145, 'epoch72': 0.5563993453979492, 'epoch73': 0.5561880320310593, 'epoch74': 0.5559840574860573, 'epoch75': 0.5557871833443642, 'epoch76': 0.5555970743298531, 'epoch77': 0.5554135590791702, 'epoch78': 0.5552358031272888, 'epoch79': 0.5550633147358894, 'epoch80': 0.5548955947160721, 'epoch81': 0.5547325238585472, 'epoch82': 0.5545737966895103, 'epoch83': 0.5544193163514137, 'epoch84': 0.5542682036757469, 'epoch85': 0.5541206002235413, 'epoch86': 0.5539765879511833, 'epoch87': 0.5538359731435776, 'epoch88': 0.5536988750100136, 'epoch89': 0.5535650923848152, 'epoch90': 0.5534341409802437, 'epoch91': 0.5533057153224945, 'epoch92': 0.5531796813011169, 'epoch93': 0.5530560612678528, 'epoch94': 0.5529346615076065, 'epoch95': 0.5528154969215393, 'epoch96': 0.5526984259486198, 'epoch97': 0.5525830462574959, 'epoch98': 0.5524696931242943, 'epoch99': 0.5523581355810165}",,,,,,,,,,,,,,,,,,,,,,,,,,,,,,,,,,,,,,,,,,,,,,,,,,,,,,,,,,,,,,,,,,,,,,,,,,,,,,,,,,,,,,,,,,,,,,,,,,,,
01/25/2023 13:28,atd,25,4,7,100,9e-05,L1,True,False,"[('agnostic', ((1, 12, 6), 1, 'avg', (1, 1), 'relu')), ('agnostic', ((12, 4, 6), 1, 'avg', (1, 1), 'relu')), ('linear', (28, 4, (1, 2), 1, (1, 4)))]",True,True,True,True,"{'epoch0': 0.6185184642672539, 'epoch1': 0.6140423268079758, 'epoch2': 0.6098838970065117, 'epoch3': 0.6059847548604012, 'epoch4': 0.6023361906409264, 'epoch5': 0.5989121496677399, 'epoch6': 0.5956847667694092, 'epoch7': 0.5926381647586823, 'epoch8': 0.5897582322359085, 'epoch9': 0.5870222225785255, 'epoch10': 0.5844254195690155, 'epoch11': 0.5819618552923203, 'epoch12': 0.5796225816011429, 'epoch13': 0.5773944407701492, 'epoch14': 0.575271338224411, 'epoch15': 0.5732460021972656, 'epoch16': 0.5713174194097519, 'epoch17': 0.5694831311702728, 'epoch18': 0.5677415058016777, 'epoch19': 0.5660839453339577, 'epoch20': 0.5645038709044456, 'epoch21': 0.5630035921931267, 'epoch22': 0.5615776404738426, 'epoch23': 0.5602283254265785, 'epoch24': 0.5589563250541687, 'epoch25': 0.5577561259269714, 'epoch26': 0.5566229075193405, 'epoch27': 0.5555571913719177, 'epoch28': 0.5545586571097374, 'epoch29': 0.5536261647939682, 'epoch30': 0.5527561381459236, 'epoch31': 0.5519457757472992, 'epoch32': 0.5511872246861458, 'epoch33': 0.5504774004220963, 'epoch34': 0.5498132631182671, 'epoch35': 0.5491896197199821, 'epoch36': 0.5486022457480431, 'epoch37': 0.5480472072958946, 'epoch38': 0.5475248098373413, 'epoch39': 0.5470359548926353, 'epoch40': 0.5465724021196365, 'epoch41': 0.546130433678627, 'epoch42': 0.5457070171833038, 'epoch43': 0.5453011244535446, 'epoch44': 0.5449118763208389, 'epoch45': 0.5445379391312599, 'epoch46': 0.5441785976290703, 'epoch47': 0.5438322424888611, 'epoch48': 0.5434975884854794, 'epoch49': 0.54317257553339, 'epoch50': 0.5428566001355648, 'epoch51': 0.5425488986074924, 'epoch52': 0.5422484278678894, 'epoch53': 0.5419547818601131, 'epoch54': 0.5416666120290756, 'epoch55': 0.5413837730884552, 'epoch56': 0.5411057993769646, 'epoch57': 0.5408336482942104, 'epoch58': 0.5405673123896122, 'epoch59': 0.5403055399656296, 'epoch60': 0.5400474853813648, 'epoch61': 0.5397926047444344, 'epoch62': 0.5395402163267136, 'epoch63': 0.5392907969653606, 'epoch64': 0.5390457026660442, 'epoch65': 0.538803331553936, 'epoch66': 0.5385628417134285, 'epoch67': 0.5383238084614277, 'epoch68': 0.5380870066583157, 'epoch69': 0.537852056324482, 'epoch70': 0.5376186482608318, 'epoch71': 0.5373865999281406, 'epoch72': 0.5371565632522106, 'epoch73': 0.5369290411472321, 'epoch74': 0.5367040410637856, 'epoch75': 0.5364809893071651, 'epoch76': 0.5362594537436962, 'epoch77': 0.536039873957634, 'epoch78': 0.535822369158268, 'epoch79': 0.535606175661087, 'epoch80': 0.5353922694921494, 'epoch81': 0.5351790748536587, 'epoch82': 0.5349661186337471, 'epoch83': 0.5347537770867348, 'epoch84': 0.5345419384539127, 'epoch85': 0.5343310460448265, 'epoch86': 0.5341207534074783, 'epoch87': 0.533910695463419, 'epoch88': 0.5337009429931641, 'epoch89': 0.5334925390779972, 'epoch90': 0.5332850590348244, 'epoch91': 0.5330780297517776, 'epoch92': 0.5328711532056332, 'epoch93': 0.5326648987829685, 'epoch94': 0.532460305839777, 'epoch95': 0.5322565883398056, 'epoch96': 0.5320537313818932, 'epoch97': 0.5318508632481098, 'epoch98': 0.5316480807960033, 'epoch99': 0.5314460508525372}",,,,,,,,,,,,,,,,,,,,,,,,,,,,,,,,,,,,,,,,,,,,,,,,,,,,,,,,,,,,,,,,,,,,,,,,,,,,,,,,,,,,,,,,,,,,,,,,,,,,
01/25/2023 13:29,atd,25,4,7,100,9e-05,L1,True,False,"[('agnostic', ((1, 12, 6), 1, 'avg', (1, 1), 'relu')), ('agnostic', ((12, 4, 6), 1, 'avg', (1, 1), 'relu')), ('linear', (28, 4, (1, 2), 1, (1, 4)))]",True,True,True,True,"{'epoch0': 0.797322079539299, 'epoch1': 0.7901081666350365, 'epoch2': 0.783171147108078, 'epoch3': 0.7764977067708969, 'epoch4': 0.7700966000556946, 'epoch5': 0.7639696225523949, 'epoch6': 0.7581079676747322, 'epoch7': 0.7524960711598396, 'epoch8': 0.7471255660057068, 'epoch9': 0.7419784665107727, 'epoch10': 0.7370415702462196, 'epoch11': 0.7322959005832672, 'epoch12': 0.7277264595031738, 'epoch13': 0.7233256474137306, 'epoch14': 0.7190833017230034, 'epoch15': 0.714989572763443, 'epoch16': 0.7110279351472855, 'epoch17': 0.7071853280067444, 'epoch18': 0.7034500166773796, 'epoch19': 0.6998122185468674, 'epoch20': 0.6962650045752525, 'epoch21': 0.692801222205162, 'epoch22': 0.6894089132547379, 'epoch23': 0.6860813200473785, 'epoch24': 0.682812474668026, 'epoch25': 0.679598368704319, 'epoch26': 0.6764341816306114, 'epoch27': 0.673312783241272, 'epoch28': 0.6702307984232903, 'epoch29': 0.6671919822692871, 'epoch30': 0.6641931235790253, 'epoch31': 0.6612323224544525, 'epoch32': 0.6583091467618942, 'epoch33': 0.6554260030388832, 'epoch34': 0.6525814458727837, 'epoch35': 0.6497721672058105, 'epoch36': 0.6470024809241295, 'epoch37': 0.6442728340625763, 'epoch38': 0.641587495803833, 'epoch39': 0.6389532014727592, 'epoch40': 0.6363733857870102, 'epoch41': 0.6338537186384201, 'epoch42': 0.6313888281583786, 'epoch43': 0.6289886385202408, 'epoch44': 0.6266494691371918, 'epoch45': 0.6243711188435555, 'epoch46': 0.6221552565693855, 'epoch47': 0.6199977248907089, 'epoch48': 0.6178935021162033, 'epoch49': 0.6158413663506508, 'epoch50': 0.6138429790735245, 'epoch51': 0.6119016036391258, 'epoch52': 0.6100161969661713, 'epoch53': 0.6081846579909325, 'epoch54': 0.6064083948731422, 'epoch55': 0.6046878471970558, 'epoch56': 0.6030239313840866, 'epoch57': 0.6014135032892227, 'epoch58': 0.5998559966683388, 'epoch59': 0.5983534529805183, 'epoch60': 0.5969026610255241, 'epoch61': 0.5955062285065651, 'epoch62': 0.5941621363162994, 'epoch63': 0.5928655490279198, 'epoch64': 0.5916135683655739, 'epoch65': 0.5904039591550827, 'epoch66': 0.5892359092831612, 'epoch67': 0.5881120935082436, 'epoch68': 0.5870290920138359, 'epoch69': 0.585984617471695, 'epoch70': 0.584976077079773, 'epoch71': 0.584001399576664, 'epoch72': 0.5830612629652023, 'epoch73': 0.5821559876203537, 'epoch74': 0.581282414495945, 'epoch75': 0.5804382413625717, 'epoch76': 0.5796221271157265, 'epoch77': 0.5788339376449585, 'epoch78': 0.5780753046274185, 'epoch79': 0.5773436054587364, 'epoch80': 0.5766359716653824, 'epoch81': 0.5759508609771729, 'epoch82': 0.5752870813012123, 'epoch83': 0.5746448859572411, 'epoch84': 0.5740236937999725, 'epoch85': 0.573421910405159, 'epoch86': 0.5728377923369408, 'epoch87': 0.5722701624035835, 'epoch88': 0.5717175528407097, 'epoch89': 0.5711790546774864, 'epoch90': 0.5706534534692764, 'epoch91': 0.5701405927538872, 'epoch92': 0.5696390345692635, 'epoch93': 0.5691485852003098, 'epoch94': 0.5686691403388977, 'epoch95': 0.5682013779878616, 'epoch96': 0.5677455887198448, 'epoch97': 0.5672996789216995, 'epoch98': 0.5668632686138153, 'epoch99': 0.5664355009794235}",,,,,,,,,,,,,,,,,,,,,,,,,,,,,,,,,,,,,,,,,,,,,,,,,,,,,,,,,,,,,,,,,,,,,,,,,,,,,,,,,,,,,,,,,,,,,,,,,,,,
01/25/2023 13:30,atd,25,4,7,100,9e-05,L1,True,False,"[('agnostic', ((1, 12, 6), 1, 'avg', (1, 1), 'relu')), ('agnostic', ((12, 4, 6), 1, 'avg', (1, 1), 'relu')), ('linear', (28, 4, (1, 2), 1, (1, 4)))]",True,True,True,True,"{'epoch0': 0.7044710665941238, 'epoch1': 0.7001967653632164, 'epoch2': 0.6962131485342979, 'epoch3': 0.69244334846735, 'epoch4': 0.6888599172234535, 'epoch5': 0.6854355782270432, 'epoch6': 0.6821408867835999, 'epoch7': 0.678950659930706, 'epoch8': 0.6758433952927589, 'epoch9': 0.6727971285581589, 'epoch10': 0.6697946637868881, 'epoch11': 0.6668240427970886, 'epoch12': 0.6638808324933052, 'epoch13': 0.660962276160717, 'epoch14': 0.6580761224031448, 'epoch15': 0.6552271768450737, 'epoch16': 0.6524205580353737, 'epoch17': 0.6496579051017761, 'epoch18': 0.6469392031431198, 'epoch19': 0.6442641392350197, 'epoch20': 0.6416349411010742, 'epoch21': 0.6390509381890297, 'epoch22': 0.6365104019641876, 'epoch23': 0.6340057998895645, 'epoch24': 0.6315362900495529, 'epoch25': 0.6290990263223648, 'epoch26': 0.6266954094171524, 'epoch27': 0.6243210956454277, 'epoch28': 0.62197645008564, 'epoch29': 0.6196599751710892, 'epoch30': 0.6173682361841202, 'epoch31': 0.6151041314005852, 'epoch32': 0.6128698065876961, 'epoch33': 0.6106601357460022, 'epoch34': 0.6084766015410423, 'epoch35': 0.6063262522220612, 'epoch36': 0.6042066812515259, 'epoch37': 0.6021186709403992, 'epoch38': 0.6000635027885437, 'epoch39': 0.5980494767427444, 'epoch40': 0.5960700735449791, 'epoch41': 0.5941311940550804, 'epoch42': 0.5922379940748215, 'epoch43': 0.5903918743133545, 'epoch44': 0.5885924622416496, 'epoch45': 0.5868472754955292, 'epoch46': 0.5851515531539917, 'epoch47': 0.5835033357143402, 'epoch48': 0.5819128826260567, 'epoch49': 0.5803765878081322, 'epoch50': 0.5788927748799324, 'epoch51': 0.5774558633565903, 'epoch52': 0.5760628953576088, 'epoch53': 0.5747138857841492, 'epoch54': 0.5734040513634682, 'epoch55': 0.5721318647265434, 'epoch56': 0.5709032639861107, 'epoch57': 0.5697213411331177, 'epoch58': 0.568581834435463, 'epoch59': 0.5674796849489212, 'epoch60': 0.5664148479700089, 'epoch61': 0.5653846487402916, 'epoch62': 0.5643900036811829, 'epoch63': 0.5634335055947304, 'epoch64': 0.5625116527080536, 'epoch65': 0.5616234093904495, 'epoch66': 0.5607633516192436, 'epoch67': 0.5599293559789658, 'epoch68': 0.5591232180595398, 'epoch69': 0.5583402141928673, 'epoch70': 0.557578906416893, 'epoch71': 0.5568386614322662, 'epoch72': 0.5561188980937004, 'epoch73': 0.5554183796048164, 'epoch74': 0.5547377169132233, 'epoch75': 0.5540752112865448, 'epoch76': 0.5534295067191124, 'epoch77': 0.5528029054403305, 'epoch78': 0.5521945655345917, 'epoch79': 0.5516026020050049, 'epoch80': 0.5510260909795761, 'epoch81': 0.5504651665687561, 'epoch82': 0.5499174073338509, 'epoch83': 0.5493834167718887, 'epoch84': 0.5488622412085533, 'epoch85': 0.5483532771468163, 'epoch86': 0.5478552579879761, 'epoch87': 0.547368049621582, 'epoch88': 0.5468915551900864, 'epoch89': 0.5464257821440697, 'epoch90': 0.5459701120853424, 'epoch91': 0.545523889362812, 'epoch92': 0.5450873970985413, 'epoch93': 0.5446595922112465, 'epoch94': 0.5442400276660919, 'epoch95': 0.5438280627131462, 'epoch96': 0.5434235259890556, 'epoch97': 0.5430260002613068, 'epoch98': 0.5426360219717026, 'epoch99': 0.542252779006958}",,,,,,,,,,,,,,,,,,,,,,,,,,,,,,,,,,,,,,,,,,,,,,,,,,,,,,,,,,,,,,,,,,,,,,,,,,,,,,,,,,,,,,,,,,,,,,,,,,,,
01/25/2023 13:31,atd,25,4,7,100,9e-05,L1,True,False,"[('agnostic', ((1, 12, 6), 1, 'avg', (1, 1), 'relu')), ('agnostic', ((12, 4, 6), 1, 'avg', (1, 1), 'relu')), ('linear', (28, 4, (1, 2), 1, (1, 4)))]",True,True,True,True,"{'epoch0': 0.6545936614274979, 'epoch1': 0.6505751609802246, 'epoch2': 0.6467618718743324, 'epoch3': 0.6431331485509872, 'epoch4': 0.6396855190396309, 'epoch5': 0.6364060938358307, 'epoch6': 0.6332865878939629, 'epoch7': 0.6303114965558052, 'epoch8': 0.6274534985423088, 'epoch9': 0.6246925368905067, 'epoch10': 0.6220165565609932, 'epoch11': 0.6194055527448654, 'epoch12': 0.6168534383177757, 'epoch13': 0.6143622547388077, 'epoch14': 0.6119523495435715, 'epoch15': 0.6096455380320549, 'epoch16': 0.6075182557106018, 'epoch17': 0.6055353730916977, 'epoch18': 0.6036585494875908, 'epoch19': 0.6018865406513214, 'epoch20': 0.6002029031515121, 'epoch21': 0.598595604300499, 'epoch22': 0.5970677062869072, 'epoch23': 0.5956109315156937, 'epoch24': 0.5942281931638718, 'epoch25': 0.5929244235157967, 'epoch26': 0.5917056649923325, 'epoch27': 0.5905719101428986, 'epoch28': 0.5895156711339951, 'epoch29': 0.5885303542017937, 'epoch30': 0.5876108705997467, 'epoch31': 0.5867526829242706, 'epoch32': 0.5859448611736298, 'epoch33': 0.5851842239499092, 'epoch34': 0.5844665393233299, 'epoch35': 0.5837856754660606, 'epoch36': 0.5831383392214775, 'epoch37': 0.5825223103165627, 'epoch38': 0.581934966146946, 'epoch39': 0.5813749805092812, 'epoch40': 0.5808400884270668, 'epoch41': 0.5803280472755432, 'epoch42': 0.5798365324735641, 'epoch43': 0.5793625637888908, 'epoch44': 0.5789048373699188, 'epoch45': 0.5784611403942108, 'epoch46': 0.5780314356088638, 'epoch47': 0.5776141658425331, 'epoch48': 0.5772078782320023, 'epoch49': 0.5768117979168892, 'epoch50': 0.5764246359467506, 'epoch51': 0.5760464817285538, 'epoch52': 0.5756760612130165, 'epoch53': 0.5753123313188553, 'epoch54': 0.5749550685286522, 'epoch55': 0.5746033564209938, 'epoch56': 0.5742565765976906, 'epoch57': 0.5739142447710037, 'epoch58': 0.5735761523246765, 'epoch59': 0.5732415542006493, 'epoch60': 0.5729104578495026, 'epoch61': 0.5725822150707245, 'epoch62': 0.5722557529807091, 'epoch63': 0.5719312727451324, 'epoch64': 0.5716087594628334, 'epoch65': 0.5712871924042702, 'epoch66': 0.5709667503833771, 'epoch67': 0.5706472918391228, 'epoch68': 0.5703286230564117, 'epoch69': 0.5700098052620888, 'epoch70': 0.5696913525462151, 'epoch71': 0.5693734288215637, 'epoch72': 0.569055400788784, 'epoch73': 0.5687370151281357, 'epoch74': 0.5684182345867157, 'epoch75': 0.5680992752313614, 'epoch76': 0.5677799358963966, 'epoch77': 0.5674612373113632, 'epoch78': 0.5671431794762611, 'epoch79': 0.5668259188532829, 'epoch80': 0.5665090754628181, 'epoch81': 0.5661923736333847, 'epoch82': 0.5658758953213692, 'epoch83': 0.5655592158436775, 'epoch84': 0.5652424171566963, 'epoch85': 0.5649253353476524, 'epoch86': 0.5646079033613205, 'epoch87': 0.5642902180552483, 'epoch88': 0.5639722868800163, 'epoch89': 0.5636545345187187, 'epoch90': 0.5633368641138077, 'epoch91': 0.5630193501710892, 'epoch92': 0.5627020299434662, 'epoch93': 0.5623854473233223, 'epoch94': 0.56206925958395, 'epoch95': 0.5617534071207047, 'epoch96': 0.561437800526619, 'epoch97': 0.56112240254879, 'epoch98': 0.5608071982860565, 'epoch99': 0.5604923069477081}",,,,,,,,,,,,,,,,,,,,,,,,,,,,,,,,,,,,,,,,,,,,,,,,,,,,,,,,,,,,,,,,,,,,,,,,,,,,,,,,,,,,,,,,,,,,,,,,,,,,
01/25/2023 13:32,atd,25,4,7,100,9e-05,L1,True,False,"[('agnostic', ((1, 12, 6), 1, 'avg', (1, 1), 'relu')), ('agnostic', ((12, 4, 6), 1, 'avg', (1, 1), 'relu')), ('linear', (28, 4, (1, 2), 1, (1, 4)))]",True,True,True,True,"{'epoch0': 0.659234623114268, 'epoch1': 0.6549254523383247, 'epoch2': 0.6508777936299642, 'epoch3': 0.6470396982298957, 'epoch4': 0.6434094905853271, 'epoch5': 0.6399748391575284, 'epoch6': 0.6367192069689432, 'epoch7': 0.6336253947681851, 'epoch8': 0.6306778324974908, 'epoch9': 0.6278640362951491, 'epoch10': 0.6251702043745253, 'epoch11': 0.6225861310958862, 'epoch12': 0.6200999087757535, 'epoch13': 0.6177057888772752, 'epoch14': 0.615395188331604, 'epoch15': 0.6131602724393209, 'epoch16': 0.6109976106219821, 'epoch17': 0.6089020172754923, 'epoch18': 0.6068674061033461, 'epoch19': 0.6048930883407593, 'epoch20': 0.6029755804273818, 'epoch21': 0.6011115974850125, 'epoch22': 0.5992936227056715, 'epoch23': 0.597520093123118, 'epoch24': 0.5957908497916328, 'epoch25': 0.5941090914938185, 'epoch26': 0.5924704207314385, 'epoch27': 0.5908678637610542, 'epoch28': 0.5893016788694594, 'epoch29': 0.587770528263516, 'epoch30': 0.5862731801138984, 'epoch31': 0.5848099986712137, 'epoch32': 0.5833798249562582, 'epoch33': 0.5819817582766215, 'epoch34': 0.5806180371178521, 'epoch35': 0.5792835156122843, 'epoch36': 0.5779796308941312, 'epoch37': 0.5767080518934462, 'epoch38': 0.5754674209488763, 'epoch39': 0.5742569035953946, 'epoch40': 0.5730757580863105, 'epoch41': 0.571923659907447, 'epoch42': 0.5707987679375542, 'epoch43': 0.5696987907091776, 'epoch44': 0.5686225824885898, 'epoch45': 0.5675708386633131, 'epoch46': 0.5665424995952182, 'epoch47': 0.5655367374420166, 'epoch48': 0.5645529296663072, 'epoch49': 0.5635952552159628, 'epoch50': 0.5626657274034288, 'epoch51': 0.5617624653710259, 'epoch52': 0.5608825948503282, 'epoch53': 0.5600246455934312, 'epoch54': 0.5591886043548584, 'epoch55': 0.5583736300468445, 'epoch56': 0.5575804379251268, 'epoch57': 0.5568099088139005, 'epoch58': 0.5560625195503235, 'epoch59': 0.55535003874037, 'epoch60': 0.5546624991628859, 'epoch61': 0.5539985696474711, 'epoch62': 0.5533547004063925, 'epoch63': 0.5527273747656081, 'epoch64': 0.5521149304178026, 'epoch65': 0.5515180428822836, 'epoch66': 0.5509374605284797, 'epoch67': 0.5503751503096687, 'epoch68': 0.549827602174547, 'epoch69': 0.549292716715071, 'epoch70': 0.5487717456287808, 'epoch71': 0.548263430595398, 'epoch72': 0.5477695067723592, 'epoch73': 0.547293139828576, 'epoch74': 0.5468309919039408, 'epoch75': 0.5463812549908956, 'epoch76': 0.5459422667821249, 'epoch77': 0.5455155968666077, 'epoch78': 0.5451011326577928, 'epoch79': 0.5446974635124207, 'epoch80': 0.5443042582935758, 'epoch81': 0.5439210534095764, 'epoch82': 0.5435483853022257, 'epoch83': 0.5431865851084391, 'epoch84': 0.5428351561228434, 'epoch85': 0.542493204275767, 'epoch86': 0.542161206404368, 'epoch87': 0.541838804880778, 'epoch88': 0.541525145371755, 'epoch89': 0.5412190159161886, 'epoch90': 0.5409195555580987, 'epoch91': 0.540626757674747, 'epoch92': 0.5403400328424242, 'epoch93': 0.5400596161683401, 'epoch94': 0.539786116944419, 'epoch95': 0.5395194093386332, 'epoch96': 0.5392587549156613, 'epoch97': 0.5390037132634057, 'epoch98': 0.5387537413173251, 'epoch99': 0.5385085576110415}",,,,,,,,,,,,,,,,,,,,,,,,,,,,,,,,,,,,,,,,,,,,,,,,,,,,,,,,,,,,,,,,,,,,,,,,,,,,,,,,,,,,,,,,,,,,,,,,,,,,
